Combined:Interactions,count
SRC,3384
TP53,3335
GRB2,3127
YWHAB,2517
EGFR,2294
AKT1,2216
CTNNB1,2071
PRKCA,1899
CSNK2A1,1873
FYN,1833
PIK3R1,1828
MAPK1,1782
FHL5,1703
SHC1,1628
CRK,1509
CBL,1424
PCNA,1412
ABL1,1390
CDK1,1359
POLR2A,1296
PLK1,1246
SF3A2,1215
RAC1,1210
GSK3B,1188
CASP3,1132
HSP90AA1,1112
IRS1,1094
STAT3,1079
PTPN6,1072
CDK2,1055
BRCA1,1046
ATM,1000
SUMO1,999
RHOA,965
JAK2,965
NCK1,958
RAF1,957
PRKCZ,942
PPP2CA,940
MTOR,915
PIK3R2,915
HDAC3,906
INSR,905
JUP,890
MYC,883
SYK,874
RELA,872
YWHAE,869
MAPK14,860
XPO1,859
CDC42,849
JUN,842
YWHAG,839
PRKCD,831
CRKL,827
BTRC,816
JAK1,805
YWHAH,802
MAPK10,796
SMARCA4,793
ERBB2,780
IGF1R,778
YWHAQ,741
RPS5,733
CSF1R,732
SOS1,728
PTPN1,719
HSPA8,715
PTK2B,712
CDK5,710
RPS27A,706
PRKACA,703
EZR,682
H2AX,677
NCL,671
RPL11,665
SUMO2,663
CAV1,653
RPL30,650
RPL8,646
NFKB1,646
HRAS,636
RPL5,634
NPM1,634
KHDRBS1,628
RPA1,626
RPL12,625
JAK3,623
CBLB,618
RPL4,615
RXRA,609
RPS16,609
PPP2R1A,593
RPS6,590
GRB10,588
RBBP4,587
STAT5A,586
CLTC,582
CTNNA1,581
MAP2K1,577
ROCK1,576
KAT2B,571
NR3C1,570
AR,565
RPL9,565
EPS15,558
RAN,555
PPP1CA,552
KPNB1,551
APP,548
TOP1,547
HIF1A,546
RPL3,543
IRS2,542
RPL6,537
RPL27,536
USP7,535
TRAF6,534
BCL2,526
BCR,525
PIN1,525
RPS7,524
NOP56,524
PIK3CA,520
PPM1A,519
APC,519
GAB1,518
RPS9,516
AXIN1,515
CHEK2,510
GAB2,509
ZWINT,508
HCK,507
RPS8,506
LCP2,505
CSNK2A2,504
CDKN1A,499
CDK9,499
HDAC4,498
BRAF,497
RPLP0,495
RPL15,490
RPL24,490
PRMT1,489
PLCG2,488
RPS14,487
TYK2,487
KDR,484
CDH5,482
SRF,481
EPOR,478
PRKCB,477
CSK,476
PML,471
WAS,469
SMAD4,469
RPL35,467
CCNA2,466
RPL36,466
CHUK,466
DSP,465
RPS15A,463
RPL18A,463
PRKCE,460
PRKD1,460
TOP2A,460
RPL3L,459
MED1,458
SKP1,455
KIT,455
SH3KBP1,453
SRSF1,450
ITGB3,449
TNFRSF1A,446
BUB1,444
MAPK8,442
GRK2,441
CTNND1,441
RPL23,440
SMARCA2,439
ZAP70,439
CEBPB,436
BTK,436
BLM,435
RPLP2,434
GTF2B,427
CDC6,427
RPL32,427
ERBIN,427
PDPK1,426
POLR2C,424
PIPSL,424
NEDD4,424
RAD50,423
SUPT16H,422
RPL13,421
BUB3,418
RPL35A,417
NCK2,417
STAU1,412
HNRNPK,409
PSMD11,408
CDC5L,408
EIF3F,406
CD44,405
CTTN,403
RPL19,402
DNM1,402
PAFAH1B1,399
NBN,398
CTBP1,396
PLD2,395
FOXO1,394
PSMA6,394
STK26,394
YES1,390
SNCA,388
SIRT1,388
PTPRC,388
CDH2,387
RET,384
BRCA2,384
STX1A,383
RPS4X,381
SMARCC1,380
PSMA4,380
VIM,380
RPS3A,379
USP8,379
DDB1,378
TERT,377
EIF3B,377
CDC37,376
BCL2L1,374
MCM7,374
CDK19,373
AURKA,368
GATA1,368
RPTOR,366
MCM4,365
PSMA5,365
SSRP1,363
PSMD7,361
PRKN,358
BANF1,356
RPLP1,355
RPS17,354
XRCC6,353
SMARCE1,351
PSMA7,350
MAPK3,350
LMNA,350
ILK,349
YY1,349
FOS,349
CDKN1B,348
FEN1,347
TP53BP1,346
IL4R,346
MAP2K4,345
RPS11,342
PSMC3,342
PSMC4,341
CCNB1,338
ITGB2,338
CDC20,337
PSMD6,337
RPL31,337
SMARCB1,336
STAM2,335
ERBB3,334
MCL1,334
IPO5,334
PSMC1,334
RPL10A,332
SMARCD1,331
RANBP2,330
DHX9,330
MAP3K5,329
CREB1,328
INPPL1,327
MAPRE1,325
ABI1,325
PTEN,325
NOP58,325
IRAK1,324
MAP3K1,324
ERBB4,322
VCL,322
COL17A1,322
MYOD1,320
PRPF4,320
ARRB1,320
TERF2,319
ITCH,319
RPL7,318
PSMC6,318
HNF4A,318
RBBP5,317
RPS6KB1,314
RPL37A,314
CSNK1E,314
ARF1,314
UBTF,314
LMNB1,313
ARHGEF7,312
STRN4,312
HGS,311
NUP62,311
RPL38,311
CCND1,310
TBK1,309
CFTR,309
CASP8,308
PSMD14,308
EIF3G,308
CUL1,307
PSMB10,306
NEDD9,305
STRN3,305
SHC2,304
CHAF1A,304
PRKCQ,303
AP1B1,303
NHERF1,302
HNRNPA1,302
SNRPD3,300
SOS2,300
HDAC5,300
RPL17,299
TNKS,299
ITGB1,299
FLT1,298
GNAI1,297
RPL22,297
PARD3,295
AP2M1,295
KRT18,295
IQGAP1,295
BAD,293
AGO2,293
PTPN2,293
RPL34,292
MAPT,292
MSH2,291
FANCD2,291
TNPO1,291
DCTN1,291
PSMB2,290
MED28,289
GJA1,289
CSNK1D,288
PSMA3,288
WRN,287
RNPS1,287
FER,286
GGA3,286
GRAP2,286
CDCA8,286
DAXX,285
NOTCH1,285
PSMD1,285
CASP9,284
WDR5,282
ADRB2,281
DVL2,281
PPL,281
RPS23,281
BMS1,280
SKP2,279
PSMD8,279
RPL37,277
CDC16,276
EPN1,275
GAPDH,275
VAV2,275
ORC2,274
NF2,273
MED26,273
SNRPD2,273
NUP98,273
KPNA2,272
PSMB7,271
PRKAA1,271
MSN,271
THRB,271
PRKCI,270
TSC1,269
EIF3I,268
SMARCC2,268
NDEL1,267
NCOA3,267
PRKAA2,267
WASF1,266
KIF15,266
AP2A1,266
ITGB4,266
MED17,266
EPS8,265
MYB,265
GRB14,265
RPL26,264
AKT2,264
EIF6,264
PKN1,263
NCOA1,263
CDK7,262
RAB6A,262
EIF2AK2,262
PSMA1,262
HSPD1,261
PTPRJ,261
PDGFRA,260
SHB,260
EMD,260
PSMB1,260
CD247,258
PKP1,258
ASH2L,258
FBXW11,257
DCN,256
PKP2,255
DKC1,255
PWP2,255
RICTOR,254
RIPK1,254
FMR1,253
BECN1,253
MARK2,253
ALK,253
DMD,252
DNM2,252
SPI1,251
ARRB2,251
EEF2,250
PPP2R1B,250
KRR1,250
STUB1,250
MCPH1,249
MAPKAPK2,249
CASP6,248
PTPN12,248
EPHA2,248
USP14,247
CDC23,247
BARD1,247
MED23,247
BLK,246
ENAH,245
FES,245
BLNK,245
PPP2R5A,244
PPARG,243
CANX,243
GGA1,243
DNAJB1,243
KAT2A,242
STK11,241
HSP90AB1,241
RBX1,240
MLST8,239
SQSTM1,239
USP11,238
ACTL6A,237
CDK4,236
GTF2I,236
PAG1,235
NEDD8,234
SUPT5H,234
RRAS,233
NCOA6,233
BAIAP2,233
TNK2,231
RPL14,230
CD2AP,230
UBE2L3,229
NCF1,229
SGO1,229
CUL4A,228
SNU13,228
HTRA2,228
EIF2S1,228
XIAP,227
MAPK11,227
ASAP1,226
KRT8,226
GTF2F1,226
RAP1A,226
RAD52,225
LRIG1,225
STX4,225
EIF3J,225
GNA11,225
CD40,225
PLD1,224
POLR2B,224
KPNA1,224
FGR,223
RAB5A,222
PPP3CA,221
NOP2,221
VASP,221
FRS2,220
MVP,220
CARM1,219
NUP153,219
THRA,219
F2,218
GGA2,218
NPHS1,218
ATF2,218
LRP2,217
FBL,216
TGFB1I1,216
FADD,215
SRPK1,214
CD4,214
CDK6,214
PSMB4,214
ANAPC2,214
EPB41,212
CAMK2A,211
RPL10,211
DAG1,211
SDCBP,211
IRF3,211
SUZ12,210
SOCS3,210
VAV3,210
S100B,210
AXIN2,209
ARID1A,209
EGF,209
IL2RB,209
EIF4EBP1,209
TIAM1,208
CCT2,207
CD3E,207
IL6ST,207
MTA1,206
MEN1,206
MCM6,206
TOP2B,206
PER2,206
RBPJ,205
EXOSC10,205
EPHB2,205
ITGA6,205
BCL6,205
SETDB1,205
PRKCG,205
SNRNP200,205
HIPK2,204
PIK3C2A,203
STAM,203
REL,203
CDK11B,203
TGFA,202
HCFC1,202
MED12,202
KRT5,202
CAMK2B,202
TERF1,201
MCM10,201
FBXW7,201
CYFIP2,201
ID3,201
PIK3CD,201
PSMD10,200
ECT2,199
ING5,199
NUMB,198
CTTNBP2,198
CDK5R1,198
PKP3,198
NHERF2,198
MDC1,197
RIPK2,197
TAF10,196
IVL,196
NDC80,196
OGT,196
ARFGEF1,196
GHR,196
ABCE1,196
TSG101,196
STRIP1,195
USP28,194
NAT10,193
MAPKAP1,192
TXNL4A,192
KEAP1,192
DSG1,191
MAP3K3,191
RTF1,190
BCL10,190
ADD1,189
MAP2K7,189
COL1A1,189
RAD9A,189
DYRK1A,189
CHEK1,189
H2BC12L,188
MBD3,188
ANAPC5,188
SUPT4H1,187
USP39,187
TOPBP1,187
RHOG,186
YTHDC1,186
ANAPC4,186
EIF3E,186
SAP18,185
MECP2,185
HSPB1,185
TTK,185
SHANK1,185
CCT5,185
EFTUD2,184
POLR3A,184
XPO5,184
MST1R,183
SET,183
MAP4K1,183
EIF3C,182
RPL23A,182
ORC6,182
APEX1,182
CDC73,182
CCNB2,182
SIK2,181
PIK3CG,181
ARF6,181
BIRC5,181
MAPK7,180
CD2BP2,180
COPS6,180
SHC3,179
AURKB,179
AP2A2,179
BIRC2,178
UBA2,178
ANAPC7,178
NTRK2,178
TCERG1,177
CD82,176
PRKG1,176
NUP107,176
PSMB6,176
MAPK8IP1,176
TRRAP,176
BMAL1,176
DES,175
CALR,175
RASSF1,175
DEPTOR,175
NME1,174
ZW10,174
SNAP23,173
TLN1,173
TRIM28,173
RNF2,173
CHD4,173
CDC45,172
MED30,172
EFNB1,172
KIFAP3,172
G6PD,172
RALA,171
PIK3C3,171
MAP3K8,171
TGFBR2,171
MED18,171
AMPH,170
CCNH,170
RIN1,170
PRKDC,169
PHB1,168
POLD1,168
ELK1,167
STAMBP,167
RHEB,167
ESRRA,167
LIMK1,166
BRIX1,166
RAD23B,165
SENP2,165
CCNE1,165
KAT7,165
NONO,164
MAP3K10,164
WDR48,164
COPB2,164
CCT6A,164
TRAF3,163
ITGA2B,163
PDCD10,163
AP1G1,163
PDZD2,163
MAP3K11,163
USP3,162
MED24,162
SMARCD3,162
PKP4,162
MED31,161
BAZ1B,161
ATXN3,161
RRAS2,161
LRP6,161
ANXA1,161
L1CAM,161
ING4,160
EEF2K,160
CYLD,160
IGF2R,160
SMAD7,159
ATP5F1B,159
PA2G4,159
NDE1,159
MAPKAPK5,159
PSMD5,158
KRIT1,158
PPP2R2B,158
ROCK2,157
KIF23,157
CCT4,157
ATN1,157
NUTF2,156
FASLG,156
EIF4A1,155
PSMB3,155
MMP2,155
SORBS3,155
GRIA1,154
NR5A1,154
PGK1,154
DOK2,153
MAPK8IP2,153
ZYX,153
XPC,153
NUP133,152
POLR2F,152
CEP43,152
PPP2R2C,152
ULK1,152
JUNB,152
RPS6KA1,152
COIL,151
RUNX1,151
MRTO4,151
ERRFI1,150
MAP3K4,150
EIF3D,150
ZBTB16,150
TNKS2,150
DBF4,150
MSX2,150
DDX20,149
MAP2K5,149
ANAPC1,149
RAD17,149
RPL36A,149
CSNK1A1,149
CTBP2,149
MED21,148
AKT1S1,147
EIF1,147
NRIP1,147
ASF1B,147
ITGA3,147
SNRPB2,146
NCKAP1,146
GIPC1,146
LAT2,146
IQGAP2,146
ERCC2,146
ICAM3,145
VAMP1,145
PEBP1,145
PCBP2,145
HIC1,145
POLA1,145
ORC5,145
ASAP2,144
GTF2E2,144
MED13,144
EIF2S2,144
DYNLT1,144
UBASH3A,144
SRSF3,144
NEK2,144
S100A6,144
NOLC1,143
CD36,143
STX5,143
ORC3,143
MAP2K3,143
PACS1,143
CCT7,143
NEK9,143
CD5,143
CNOT6,143
SRSF4,142
EVPL,142
TGFB1,142
HNRNPA2B1,142
SPRY2,142
POLD2,142
CYTH2,141
UTP15,141
CTR9,141
TFAP2A,141
CNOT6L,141
LYN,140
PRPF40A,140
RRP9,140
JUND,140
NDN,140
FOXO4,140
COL1A2,140
CXCR4,139
CFL1,139
WIPF1,139
CDH4,138
CRTC2,138
SREBF1,138
CLOCK,138
ARAF,137
RPS6KA2,137
DCTN2,137
CCT8,137
CD2,136
IFNAR2,136
MEF2A,136
NBR1,136
WASF2,136
AHRR,136
SAE1,136
HNF1A,136
PICK1,136
APOE,136
CRY1,135
ANKHD1,135
BMX,135
BMPR2,135
WRNIP1,135
TERF2IP,134
ESR1,134
DBNL,134
MED6,134
UBASH3B,134
TRAT1,134
MPRIP,133
SF3A3,133
DAPK1,133
MAP3K2,133
MPHOSPH10,133
ATF4,133
RNF11,133
DNMT1,133
RPS6KB2,133
TOM1,132
CLSPN,132
PPP1R12A,132
EXO1,132
MAPRE2,132
RBBP8,132
SETD1A,132
PLSCR1,131
SORBS2,131
PER1,131
FANCM,131
PSIP1,131
ZBTB17,131
SPTA1,131
SMC2,130
POLR2I,130
ILF3,130
XRN1,130
CDC40,130
CYCS,130
IKBKE,130
SFPQ,129
IKZF3,129
POLE3,129
CSNK2B,129
RPL21,129
MEPCE,128
BIN1,128
CLTA,128
ORC4,128
BIRC3,128
PER3,128
POLR2E,128
CRY2,127
STAT6,127
ARNT,127
USF1,127
LCK,127
CD28,126
FURIN,126
USP15,126
GTF2E1,126
LAMA1,126
HAUS1,126
PHIP,126
CTTNBP2NL,125
RB1CC1,125
TXN,125
SPART,125
HSPA9,124
HIP1,124
PCBP1,124
CAMK1,124
GPSM2,124
CFLAR,124
CENPA,124
FBN1,124
GRAP,124
AP3S1,124
VHL,124
POLR2G,124
SNX2,124
PTPRM,123
RGS16,123
ULK2,123
OXSR1,123
NSUN2,123
DCC,123
TUBG1,123
ARID3A,123
RAC2,123
SLMAP,123
XRCC1,123
RABEP1,123
KLF1,122
RALBP1,122
CUL4B,122
THBS1,122
ZNF148,122
AKAP8L,122
NR1I3,122
RB1,122
PROCR,122
ANAPC16,122
KIF5B,121
LAMA5,121
MED20,121
ATR,121
AP1G2,121
DSN1,121
RING1,121
AHR,121
TCHP,121
CTDP1,120
CEACAM1,120
DICER1,120
XPA,120
NUP93,120
CUL3,120
TAB2,120
TUFM,120
CPSF3,120
GTPBP4,120
TRIM21,120
MAPK13,120
FANCA,120
FGFR1,119
EFNA1,119
CPSF2,119
DNAJB6,119
NFYA,119
PLK3,119
PPP3CB,119
NDUFAB1,119
DIABLO,119
ADAM17,119
UBE2N,119
IKBKB,118
CASP7,118
AP2S1,118
NUP43,118
HCLS1,118
TAB1,117
APOA1,117
STX6,117
EPHA4,117
NFKB2,117
USP4,117
WWP1,117
BABAM1,117
GOPC,117
TOB1,116
YWHAZ,116
CD79A,116
MSH3,116
ITGB5,116
NLK,116
PTPRZ1,115
TNC,115
STIP1,115
CARD11,115
MED8,114
ATXN1,114
NPHS2,114
TARBP2,114
NFATC2,114
BCL2L11,114
CENPE,113
INCENP,113
FASN,113
EIF5A,113
RPF2,113
APLP2,113
TNFAIP3,113
ERCC1,113
MKNK1,112
CSF2RB,112
ETF1,112
S100A11,112
SNAPIN,112
RPS6KA4,112
PLCB1,112
RPS21,112
SNAP29,111
DSG2,111
TRAF4,111
BRCC3,111
PLEKHA7,111
F8,111
PIM1,111
BAX,111
DPYSL2,111
TDG,111
HNRNPU,111
CCNA1,110
EVI5,110
CABIN1,110
UBXN1,110
CENPF,110
TRIP6,110
IL6R,110
RBBP7,110
PLA2G4A,110
GATA6,110
GATA3,110
ANXA2,110
UBE2E1,109
PFN1,109
GAK,109
RPH3A,109
TSHR,109
ASF1A,109
MELK,109
ZNF268,109
ARHGDIA,108
HMGB1,108
RMI1,108
FCGR2A,108
LAMC1,108
EPAS1,108
PKN2,108
C1QBP,108
FKBP3,108
RAB7A,108
POLR2L,108
CHD1,107
TP73,107
UFD1,107
CYFIP1,107
KCNA2,107
ARRDC3,107
AKAP5,107
BMP2,107
DDX5,107
SLC2A1,107
STMN1,107
MAVS,107
SUFU,106
ELF3,106
NR1H3,106
NUF2,106
CCND3,106
FUS,106
RAB1A,106
STK39,106
GAR1,105
ITGAV,105
CASP10,105
BCOR,105
DDB2,105
PARD6B,105
EFNB2,105
EXOSC8,105
IRS4,104
FXR1,104
EPHA3,104
MED19,104
FLNC,104
SOD1,104
BTC,104
RACGAP1,104
SSH1,103
TARDBP,103
RPS29,103
COPZ1,103
VRK1,103
IFNAR1,103
SEH1L,103
DYNC1H1,103
RNF41,103
COL7A1,102
PPP2R5C,102
RPS6KA5,102
OCLN,102
NR0B2,102
COP1,102
SNX9,102
DYNC1I2,102
NR2C2,101
PROC,101
PPFIA1,101
SDC2,101
TBL1X,101
RRP1B,101
CNOT8,100
BCL11B,100
HMGA1,100
TNFRSF10A,100
FXR2,100
SDC3,100
PPP1R8,100
NGFR,100
PES1,100
MAGED1,100
ITGB7,100
DNAJA1,100
BAK1,100
PTPN11,100
HSPG2,100
RPS10,100
TRPM7,100
MNAT1,100
SRFBP1,100
ITGA1,99
CASP2,99
SDC4,99
ARPC3,99
CDC26,99
MDM2,99
RXRB,99
MAP4K5,99
NSF,99
SF3A1,99
LSM8,99
ICAM2,99
FN1,98
MAX,98
MOB4,98
PPID,98
HNRNPL,98
DOK4,98
TROAP,98
ATF3,98
GABARAPL2,98
ATP6V1B1,98
CAMKK2,98
SF3B3,97
SNX4,97
BRD2,97
MMP14,97
CSF3R,97
COPB1,97
FGFR2,97
EIF1AX,97
MEAF6,97
STK4,97
PTTG1,97
SH3GL3,96
ACP1,96
CTSL,96
GATA2,96
PARD6A,96
ITGA5,96
NCF4,96
DYNLL1,96
IRF7,96
SYN1,95
SMC3,95
BAG1,95
FNBP1,95
ATG14,95
BMP1,95
LAMB1,95
CNOT9,94
CCND2,94
PRR5L,94
TAF7,94
DCP2,94
RFC2,94
KCNJ12,94
CNOT3,94
POLR3D,94
NUMA1,94
DCAF13,94
NPAS2,94
TSSK6,94
DAB2,94
RPA3,94
SGK1,94
DYNLT3,94
LARP7,94
ZBTB33,94
TICAM1,93
HOMER3,93
LEO1,93
ERCC6L,93
PGK2,93
NR2F2,93
REST,93
H2AZ2,93
KHDRBS3,93
CRYAB,93
BCL3,92
ACTL6B,92
ERCC4,92
MED9,92
EIF3L,92
EED,92
LATS1,92
NOP14,92
EPN2,91
EFNA5,91
GRK5,91
NRCAM,91
ARHGAP1,91
DLD,91
RGS3,91
PAWR,91
CBLC,91
TTR,91
KNG1,91
LBR,91
STX2,91
KSR1,90
APOB,90
NUP37,90
F11R,90
CLIC5,90
MRPS7,90
RAB8B,90
TANK,89
ACACA,89
KNL1,89
MALT1,89
ATP6V1A,89
MYBL2,89
GPN1,89
TOR1A,89
TANC1,89
PPM1D,89
MAP4K4,89
TAF1A,89
WWTR1,89
ATF6,89
MTREX,88
COPA,88
FKBP4,88
ARCN1,88
THRAP3,88
NEK6,88
TRPC6,88
LAMC2,87
ING2,87
APPL1,87
PPP2R5D,87
ELAVL1,87
NOTCH3,87
PPP2R5B,87
CDC34,87
IL10RA,87
VAMP3,87
TNS4,87
STXBP3,87
MITF,87
NUP160,87
RRAGA,87
BMP4,87
PAAF1,87
PDE3A,86
TRIM33,86
VAMP4,86
IFNGR1,86
CCNL2,86
EEA1,86
NFE2,86
ATP5F1A,86
ATRIP,86
EPHB6,86
POT1,85
VANGL1,85
SRSF6,85
GABARAPL1,85
SHANK2,85
YKT6,85
SUV39H1,85
ITGA2,85
GSK3A,85
PROS1,85
DNTT,85
UBA1,85
SSB,85
ACTR3,85
DCAF7,84
MRTFB,84
HIRA,84
PTPRA,84
BICD2,84
MPDZ,84
TELO2,84
XRCC4,84
TDP1,84
DNMT3A,84
IKZF2,84
PEA15,84
WNK1,84
STAT4,83
RAB10,83
SERPINC1,83
PNO1,83
GORASP2,83
PABPC1,83
USP13,83
PACSIN1,82
SRSF7,82
NHP2,82
LRRC7,82
AGO4,82
ARID1B,82
TRADD,82
LDB1,82
CENPC,82
EFNA4,82
FLII,82
SHOC2,82
PLAUR,82
KLC1,81
SS18,81
HIP1R,81
USP20,81
FAF2,81
POLE,81
AGTR1,81
MVB12A,81
SCAMP3,81
TRIP4,81
CD47,81
NDUFA2,80
HEXIM1,80
PPP2R5E,80
ATP5IF1,80
RAB27A,80
RRM1,80
STX1B,80
BIRC6,80
SNUPN,80
CDK3,80
CTSD,80
RAD18,79
MYOZ2,79
DAPK3,79
KAT5,79
PSPC1,79
FANCG,79
RAB11FIP2,79
CNOT1,79
GFM1,78
ZNF622,78
COL5A2,78
PTGES3,78
FANCE,78
ATP6V0A1,78
CTNNA2,78
DNMT3B,78
RHOQ,78
AIFM1,78
ARFGEF2,78
RAB2A,78
NMD3,78
REPS2,77
F5,77
TAF12,77
ZNF239,77
COPG1,77
LRRK2,77
WBP4,77
AXL,77
OCRL,77
NOC4L,77
SUGT1,77
EFNA2,77
EXOSC4,77
SIK1,77
CEP55,77
RAB4A,77
LSM2,77
CLTB,77
MED27,76
DOK5,76
DOCK7,76
SNRPA,76
SIK3,76
SCN3A,76
DNMBP,76
BUB1B,76
LIN7B,76
TYROBP,76
BICD1,76
ETS2,76
EDC3,76
HTATSF1,76
RYBP,76
NOL3,76
ATP6V1D,76
FSHR,76
EPS8L2,76
REPS1,76
PTPN5,75
PAIP2,75
GRPEL1,75
IKBKG,75
VANGL2,75
TLN2,75
MAP4K2,75
TG,75
ATF1,75
BABAM2,75
HMG20B,75
TRPC1,75
CAMLG,74
PPIA,74
NINL,74
ARF4,74
PFN2,74
GNA15,74
CTNND2,74
RNF20,74
GNA12,74
DCAF1,74
ARHGDIB,74
EPHB1,74
TP53BP2,73
EPS8L1,73
CD72,73
COL11A1,73
USP1,73
SLC2A4,73
EGR1,73
UBE2M,73
TOPORS,73
CXCL8,73
CRNKL1,73
AP3B1,73
OSBP2,73
ALOX12,73
DEDD,73
ZNF335,73
GNA13,73
SH3GLB2,73
EEF1A1,73
CDKN2C,73
LAX1,73
COL5A1,73
NCAPH,73
PAK2,73
DLG1,73
CLASP1,72
IRF2,72
CA2,72
MAGOH,72
RPS6KA3,72
SMARCD2,72
PACSIN2,72
CTNNBIP1,72
EPB41L3,72
PTK6,72
TP63,72
BGN,72
NEDD4L,72
MED16,72
LIG4,71
LIFR,71
ELANE,71
HSPH1,71
LIMK2,71
PACSIN3,71
TLE1,71
GEMIN4,71
MAP2,71
AHSA1,71
LSM7,71
TAF1C,71
MYOG,71
HIVEP1,71
LRP8,71
CDCP1,71
LSM3,71
HPCAL1,71
BCL9,70
TENT4A,70
DMAP1,70
CDYL,70
ZNF224,70
ZHX2,70
CNOT2,70
DDA1,70
KCNJ1,70
FZD5,70
MRGBP,70
RANBP1,70
TAX1BP1,70
ADD2,70
FGA,70
ATP6V1C1,70
EXOSC2,70
CDC25A,70
PRPF31,70
BORA,70
ENO1,70
IRAK4,70
NMT1,70
IL3RA,70
CNTNAP2,70
CYTH1,70
JARID2,70
NEB,70
JDP2,70
LAMA2,70
SH3GLB1,70
TAF4,69
AMBRA1,69
PDIA3,69
HUWE1,69
TEAD1,69
TADA3,69
GSPT1,69
ATF7IP,69
DDX23,69
MAD1L1,69
FOXG1,68
IPO7,68
SMURF2,68
FKBP5,68
SOCS5,68
MAPK9,68
EGLN1,68
GGCX,68
MRPL11,68
PPP1R13L,68
EMSY,68
PCNT,68
SEC62,68
DERL1,68
CD3D,68
DAAM1,68
DYNC1I1,68
CAMK4,68
BMPR1B,67
CUL5,67
LDLRAP1,67
RIN2,67
FLT4,67
BRMS1,67
ROBO1,67
NOL10,67
AMFR,67
CADM1,67
AMER1,66
ATP6V0D1,66
BSG,66
SLC9A1,66
VWF,66
EIF4G3,66
TAF5,66
NRGN,66
STXBP2,66
STXBP1,66
CNTNAP1,66
PVR,66
ATP5F1C,66
NR2F1,66
PLIN3,65
TCEAL4,65
GMNN,65
DTNBP1,65
ERCC8,65
RFX1,65
RFC5,65
CDKN1C,65
ATP6V1E1,65
MT-CO2,65
GAP43,65
CDK14,65
PHLPP2,65
EDF1,65
ASPM,64
FXYD1,64
GEMIN6,64
MS4A1,64
TACC2,64
DTL,64
RAB3A,64
EREG,64
NFKBIB,64
PDK1,64
APBB1,64
PDZK1,64
KPNA6,64
SH3RF1,64
VAMP8,64
NFATC3,64
CNTN2,63
HSPBP1,63
MME,63
GABPA,63
RCC1,63
RASGRF1,63
OSMR,63
NKD1,63
AATF,63
SNAI1,63
POLR2D,63
CD68,63
LATS2,63
MAU2,63
DYRK2,63
GPHN,63
DLG5,63
NTRK3,63
PPM1J,63
IL2RG,62
PLCG1,62
FCER1G,62
BBS4,62
TTI1,62
MDH2,62
PRKD2,62
SNAP91,62
EVL,62
UPF3B,62
SERTAD2,62
CEP250,62
SYNRG,62
SKAP1,62
BAG3,62
NFE2L2,62
PPP2CB,62
HAUS8,62
SMTNL2,62
NCAPD2,62
NKX2-5,62
RFC4,62
CHAF1B,62
ELOC,61
XRN2,61
HAUS3,61
BACE1,61
NIP7,61
ITGAL,61
TUBGCP2,61
KHSRP,61
PBK,61
DDX17,61
EP400,61
FANCI,61
KRT20,61
BAG4,61
KCTD10,61
TNFAIP1,61
POLR3F,61
SRPK2,61
C3,60
TNKS1BP1,60
COPS2,60
CSTF1,60
ADAP1,60
MLLT10,60
FAF1,60
SIAH1,60
SETMAR,60
GNL2,60
MRPL4,60
MYO9B,60
POLR1B,60
CDH18,60
DCTN4,60
SEPTIN2,60
CDCA5,60
MAD2L2,60
GFM2,59
LRRK1,59
KCNA4,59
NKX3-1,59
DUSP16,59
FXYD7,59
PPP3R1,59
ANK2,59
SNRPE,59
DDOST,59
RCL1,59
ING1,59
F9,59
GINS1,59
ECPAS,59
HSPB8,59
F13A1,59
SPRY4,59
FBXW5,59
FABP4,59
OPTN,59
PITPNM3,58
BAG2,58
UBE3A,58
RLIM,58
TAF1B,58
COL5A3,58
HOMER1,58
TSC22D3,58
APBA1,58
MED4,58
TP53RK,58
AGO1,58
KPNA4,58
NOB1,58
RAD1,58
AJUBA,58
TEK,58
STON2,58
DHX38,58
DPYSL5,58
ZNF74,58
PEX19,58
PKMYT1,57
PPARA,57
IRF1,57
AKAP13,57
DNAJA3,57
NID1,57
CNTN1,57
NR2C1,57
LAMA3,57
NCSTN,57
TSHZ3,57
FPR1,57
CDH11,57
NSL1,57
DNAJC6,57
MCMBP,57
RAG1,57
ACTR1A,57
PTPN21,57
WNK4,56
GZMA,56
EPS8L3,56
CTSB,56
GLRX,56
CHD8,56
ZFYVE16,56
ATP6V0A4,56
ARHGAP17,56
KDM2B,56
FBXO5,56
CRYBB2,56
TCL1A,56
GEMIN5,56
SAFB2,56
LLGL1,56
TAF8,56
TRIM24,55
TLE2,55
SPRY1,55
RASSF2,55
DUSP1,55
LUC7L3,55
FLOT2,55
ELL,55
GOLPH3,55
SVIP,55
DCP1B,55
MAGI3,55
AKAP12,55
OPRD1,55
ETV6,55
RPH3AL,55
LNPEP,55
TH,55
F2RL1,55
SPARC,55
SIAH2,55
HAUS6,55
SNX5,54
POLD3,54
SDAD1,54
CITED1,54
EEF1D,54
PITPNM1,54
CACYBP,54
IRF8,54
AP3S2,54
E2F4,54
WIPI1,54
RAB27B,54
LSM5,54
NDFIP2,54
S100A4,54
BID,54
CSF1,53
CEACAM5,53
TYRO3,53
HIPK3,53
VAPA,53
SATB1,53
CS,53
F2R,53
FSCN1,53
BMPR1A,53
GINS2,53
AGL,53
NUP85,53
ATP6V1E2,53
RAB11A,53
SERPINA5,53
EHD1,53
MADD,53
TRIM63,53
ATG5,53
SGO2,53
UBE2L6,53
PSMA8,53
PPP3CC,52
SAP30,52
RELB,52
MARK3,52
PDGFB,52
KHDRBS2,52
TFDP1,52
ARPC2,52
PLEKHO1,52
SYT2,52
CXXC1,52
GRIPAP1,52
EXOSC1,52
PHF21A,52
GTF3C4,52
RHEBL1,52
RARB,52
PTK2,52
GOLGA3,52
GTF3C5,52
NPPA,51
PAGR1,51
OSBPL10,51
WIPF2,51
RBPMS,51
ATP5PO,51
GTF3C3,51
ASIP,51
NFKBIE,51
FOSL2,51
AIMP1,51
DAZ1,51
SPTBN2,51
USP25,51
ZFYVE9,51
PATJ,51
CNKSR2,51
TOM1L2,51
NCKIPSD,51
LTK,51
CMTM8,51
E2F1,51
GMPS,51
ELP3,51
TAF2,51
DLGAP3,51
PPP1R2,51
PDGFRB,51
TUB,51
PEX14,51
ZWILCH,51
DUSP3,51
AKTIP,50
CDC7,50
ATP6V0A2,50
CDKL2,50
CIB1,50
ATG3,50
BRD8,50
CCNE2,50
USF2,50
RNF8,50
BNIP3L,50
MMP9,50
FIS1,50
DDIT4,50
SLX4,50
LPAR1,50
RPN1,50
ADAM10,49
IKZF1,49
CAVIN2,49
HBEGF,49
ATP6V1C2,49
PIK3R4,49
HUS1,49
ATP2B4,49
PPP1R1B,49
PPARGC1B,49
LAMC3,49
AKT3,49
TWIST1,49
CD22,49
SFN,49
FOXP3,49
CENPJ,49
SCYL2,49
ACHE,49
RRAGD,49
SSH3,49
CYC1,49
MARCKS,49
DHFR,49
EFNA3,48
RRAGC,48
EXOSC5,48
TOLLIP,48
EGLN3,48
CETN2,48
CSNK1G1,48
KCNB1,48
ID2,48
KCTD13,48
ERN1,48
SMAD6,48
ELF4,48
CAV3,48
MDK,48
TRAF3IP1,48
AURKC,48
POLR2J,48
WDR77,48
PEBP4,48
ATF7,48
STK24,48
SCN2A,48
NELFB,48
ZIC2,48
PNKP,48
GJB1,48
BNIP3,48
SYNJ2,48
EDNRA,48
COMMD1,48
DMPK,48
CNKSR1,48
ATG13,48
MRPL17,48
EIF2AK1,48
EXOSC7,48
MYO6,48
EXOSC9,48
ZNF382,48
MEF2C,47
NFYB,47
NLGN1,47
GAPDHS,47
SRSF5,47
BCL9L,47
RPAP1,47
NAB2,47
RSU1,47
PRICKLE1,47
WDTC1,47
ARNT2,47
EIF4EBP2,47
RNF43,47
CBFA2T3,47
CENPH,47
TF,47
NEBL,47
TAF6,47
NAA15,47
CNOT10,47
LMO2,47
BCCIP,47
ACBD3,47
ATP5PF,47
CYP51A1,47
PTHLH,47
REV1,47
GDI1,47
UBL4A,47
KTN1,47
TNIP2,47
DAB2IP,47
NFATC2IP,47
SIRT3,47
GTF3A,46
FGFR1OP2,46
SIRPA,46
SLA2,46
CDK5RAP3,46
ADCY5,46
DXO,46
POMC,46
PPP1CC,46
RAB9A,46
ASIC3,46
KL,46
RAPH1,46
ZNHIT1,46
VLDLR,46
TLE4,46
NKD2,46
NAA10,46
RGS2,46
SERPINE1,46
PAIP1,46
PPP5C,46
LSM6,46
AFAP1,46
SLC22A4,46
ESRRB,46
RMDN3,46
ABRAXAS2,46
M6PR,46
RUNX2,46
MAP4K3,46
ATP5F1D,46
SCNN1G,46
TMF1,46
EP300,45
CD14,45
NUP205,45
MAP3K13,45
ACVR1,45
NDC1,45
KLF4,45
SETD2,45
ANKLE2,45
USP9X,45
ERC2,45
SLAMF1,45
NUDC,45
FMN1,45
ZNHIT3,45
GP6,45
TRPC5,45
MYOT,45
NCF2,45
KRT1,45
AEBP2,44
IGF2BP1,44
GPRASP1,44
SH2B1,44
GRID2,44
STAMBPL1,44
SORT1,44
CUBN,44
CCNG1,44
RBBP6,44
ARHGAP27,44
KMT2C,44
ATRX,44
ISG15,44
RGS19,44
SYNC,44
CACNA1D,44
RECQL,44
DTNB,44
UBA3,44
DLGAP5,44
BCAS2,44
CACNA1S,44
DCAF4,44
CKAP2,44
FH,43
SACM1L,43
SLTM,43
PEX13,43
F11,43
RPAP2,43
PPIB,43
GAB3,43
CD48,43
MC4R,43
ACD,43
TIMP3,43
ARFIP2,43
RTN3,43
MAFK,43
TRPC4,43
DGKZ,43
FYCO1,43
NEO1,43
HDAC10,43
VPS72,43
PCM1,43
PLEKHM1,43
NQO2,43
BBS7,43
AGO3,43
BTG2,43
PRKAB1,43
MAP2K2,42
UCHL3,42
BBS2,42
CARD10,42
RRP8,42
BCL2L14,42
SDC1,42
PXN,42
SNCAIP,42
SH3PXD2A,42
FZD2,42
ADCY7,42
MRPL16,42
STRADB,42
PTCH1,42
NPIPA1,42
METTL1,42
DTNA,42
SPRED2,42
PLEK,42
MAPKAPK3,42
C5,42
TNPO2,42
MED29,42
MAF,42
CREB3,42
MAP3K7,42
NR5A2,42
OSBPL9,41
RIPK3,41
DLST,41
NOS1AP,41
STAP1,41
DUSP10,41
AMBP,41
POLL,41
HIPK1,41
MYOZ1,41
CTCF,41
AP1S1,41
HLTF,41
CORO1B,41
TAF5L,41
TRIP12,41
CBX4,41
ENO3,41
CACNA1A,41
PELP1,41
MICAL1,41
CISH,41
BPGM,41
FZD1,41
KMT2A,41
MAP2K6,41
STX16,40
ATP5PD,40
LSM1,40
TRERF1,40
SF3B4,40
PTH1R,40
NHEJ1,40
TRPV1,40
FUBP1,40
RHOD,40
MRPL3,40
CBX8,40
MSMO1,40
FOXM1,40
ZHX1,40
CEBPZ,40
TIFA,40
PDIA2,40
MMP1,40
CD46,40
KMT2B,40
SKA1,40
GADD45A,40
CDK12,40
EEF1B2,40
FOSB,40
ADAMTS13,40
DISC1,40
DOT1L,40
PARP1,39
PRR14,39
WIPF3,39
PWP1,39
TMED10,39
LRP5,39
CFL2,39
CSF2,39
TRAF5,39
GLI3,39
CBY1,39
SOCS2,39
EIF4G1,39
TJP3,39
ILF2,39
RND1,39
DYNLRB1,39
HAUS4,38
TNPO3,38
SHF,38
HAUS2,38
MAK16,38
MAP1LC3B,38
SSTR5,38
RAVER1,38
RCC2,38
SNAI2,38
PRKAG2,38
RHBDF1,38
TNFRSF8,38
MED7,38
HIF1AN,38
ACAN,38
UPF3A,38
KY,38
SAV1,38
SGK3,38
RAD51B,38
TADA2A,38
FBLN1,38
CCL5,38
GYS1,38
ARHGEF28,38
CRYAA,38
ZFPM1,37
DAD1,37
COL4A1,37
NANOG,37
GFI1B,37
MCCC2,37
GLI1,37
TIRAP,37
UNC5B,37
PELI1,37
BMP2K,37
IFT20,37
POLR3G,37
PAX5,37
VAMP7,37
S100P,37
HUNK,37
KITLG,37
XAF1,37
PPP1R15A,37
AGFG1,37
HAX1,37
CLDN1,37
CTNNA3,37
SMG5,37
UVRAG,37
BTBD1,37
MAPRE3,37
SOX9,37
GAPVD1,37
LRIG3,37
BCAR3,37
IDE,37
PAXIP1,37
FOSL1,37
VCPIP1,36
SLC16A10,36
TRIB1,36
A2M,36
AGFG2,36
IL1B,36
CACNA1G,36
BATF,36
UCHL1,36
CHMP7,36
NECTIN1,36
RETREG1,36
GRM7,36
HDAC1,36
DLGAP1,36
DDX3X,36
SCNN1B,36
RHO,36
DCUN1D1,36
HNRNPDL,36
ERG,36
MIDEAS,36
RHBDF2,36
FIZ1,36
BTBD2,36
HOXA10,36
MRPS11,36
PINK1,36
TAF1D,36
PTPN18,36
STX18,36
HP,36
DCX,36
CALM1,36
DUSP4,36
EIF4E2,36
SYNM,36
CACNA1C,36
ABRAXAS1,35
PSME3,35
TESC,35
WTIP,35
CLPP,35
POLM,35
TSFM,35
DUSP19,35
PCDHA6,35
PCDH17,35
PCDH8,35
CREG1,35
PCDH19,35
PRPF3,35
PCDH18,35
CTDSP1,35
PCDH12,35
TBCE,35
CEBPD,35
MRPL24,35
TRIM29,35
BFSP1,35
CELSR3,35
RPGR,35
PHAX,35
MLPH,35
CD151,35
ARHGAP24,35
PYGO2,35
PCDH10,35
DHCR24,35
IRAK1BP1,35
DPH1,35
TUBA1A,35
NLGN4X,35
FAT3,35
RNF40,34
IRAK2,34
SH2D1A,34
ACVR2B,34
CELSR2,34
MZT2A,34
LYZ,34
SEC24A,34
CHMP6,34
CELSR1,34
MAPK6,34
CAV2,34
UQCRC1,34
TRPV6,34
CHP2,34
PMAIP1,34
RAB21,34
TXNL1,34
PHC2,34
SETD1B,34
IPO8,34
MAFB,34
GOLGB1,34
ANK3,34
COL6A1,34
FGB,34
INPP4A,34
GTF3C2,34
PKN3,34
DCAF6,34
NISCH,34
AIMP2,34
TBC1D4,34
PPARD,34
DNAJC7,34
KSR2,34
PRX,34
MST1,34
PTPRS,34
BRD7,33
HMGN1,33
CDH24,33
CD6,33
GCH1,33
ZMPSTE24,33
CRBN,33
RAPSN,33
TCIRG1,33
KLF3,33
UBE2K,33
PLEKHG4,33
SKI,33
LAMB3,33
RBM19,33
FLT3,33
PIP5K1C,33
MTTP,33
EPHA8,33
TIAM2,33
ELOB,33
ZPR1,33
TINF2,33
IMMT,33
JAG1,33
APLF,33
CHRM2,33
IBTK,33
GOLGA7,33
POLR3C,33
PPP1CB,33
MPZL1,33
KIF4A,33
CDON,33
MGMT,33
RAD9B,33
DRP2,33
RANBP3,33
TRAF7,33
HOXA11,33
DCLRE1A,32
SLC6A3,32
FOXP1,32
GATA5,32
SNCB,32
TECPR2,32
HIRIP3,32
SH2B3,32
SPRTN,32
ANTXR2,32
TRPC4AP,32
HGF,32
CXCR2,32
RAB11FIP3,32
HEY1,32
KDM1A,32
PAK4,32
ZCCHC8,32
ELK4,32
CBFB,32
EXOSC6,32
GYS2,32
MAFG,32
TESK1,32
MESD,32
EDC4,32
ACTB,32
PPARGC1A,32
UQCRFS1,32
STX8,32
KAZN,32
USP10,32
MAML1,32
PELI3,32
TNFRSF13B,32
FCHO2,32
NECAP2,32
CWC25,32
NQO1,31
TPM2,31
KIF17,31
PLCB3,31
GANAB,31
ARR3,31
NPPB,31
IDH3G,31
PPP1R12C,31
MERTK,31
PPP1R13B,31
SRCIN1,31
HTR2A,31
ATP1A1,31
CLIP2,31
IFIT1,31
CAVIN1,31
CFAP52,31
CHMP2A,31
TSPYL2,31
NR0B1,31
RUNX3,31
SPAG6,31
ZNF420,31
TNFSF10,31
TAOK3,31
BDKRB2,31
IL13RA1,31
FZD7,31
PI4KB,31
CD7,31
EGR2,31
GSTM1,31
PAK1IP1,31
TYMS,31
USP49,31
ATP5MC3,30
PPME1,30
PALB2,30
PPHLN1,30
FSIP1,30
PDCD6IP,30
JAG2,30
NUFIP1,30
CDK5R2,30
GBA1,30
PARN,30
CYBB,30
TNNI3,30
SNRPC,30
PRLR,30
IL23R,30
ARHGEF12,30
CP,30
WDFY3,30
CD55,30
RAP1GAP,30
PLSCR3,30
KLKB1,30
GTF2H2,30
CD40LG,30
GORASP1,30
ORAI1,30
UBE2C,30
ONECUT1,30
KAT14,30
COG4,30
AP3B2,30
RAB3B,30
FERMT2,30
CNBP,30
RBCK1,30
POU1F1,30
MRPS16,30
BCKDHB,30
NIPSNAP2,30
TSC2,30
PTPRR,30
DNAJC3,30
RRAD,30
PNMA1,30
HS1BP3,30
OTUB1,30
VRK2,30
MYCN,30
POU3F4,30
FDPS,30
STK3,30
RAG2,30
LTF,30
SHH,30
NCOA4,30
CCNT2,29
MXD1,29
GEMIN7,29
SND1,29
TAF13,29
CD209,29
CDKL5,29
RCAN1,29
CD74,29
CD34,29
DLL1,29
AVIL,29
FERMT3,29
AKAP6,29
ESYT1,29
PSEN1,29
POLR1G,29
JAZF1,29
AMPD3,29
PTGDR,29
AMPD1,29
RASA1,29
SENP3,29
BLVRA,29
MT-ATP6,29
SRCAP,29
LMO1,29
NLE1,29
FAT1,29
LIPC,29
TIPIN,29
UQCRH,29
FKBP8,29
SMARCAD1,29
INO80,29
PHYH,29
IL1R1,29
UHRF2,29
PITX2,29
NUAK1,29
CARMIL1,29
GP1BA,29
CKS2,29
POLK,29
CARMIL2,29
ATF7IP2,29
WASHC2A,29
LPL,29
RNF111,29
AGRN,29
KCNK3,29
TNFSF13,29
MAPK12,29
SYMPK,28
KLK1,28
NFAM1,28
CDC42BPA,28
CLASP2,28
KNTC1,28
UBE2I,28
CAPN1,28
MRPL12,28
CSTF3,28
SCYL3,28
SCARB1,28
GNAZ,28
RABGGTB,28
IFI27,28
ITGA11,28
RNF7,28
ZNF467,28
GOSR1,28
KLC3,28
GZMB,28
CRMP1,28
ADK,28
COL4A5,28
TNF,28
SLC34A1,28
NR4A1,28
IFNB1,28
ADRA1B,28
RAB5B,28
DNAJB2,28
DYRK1B,28
KARS1,28
CORO1C,28
IL9R,28
FBXO4,28
FANCC,28
DLAT,28
SEMG2,27
PDHX,27
TSEN34,27
VAPB,27
MFAP2,27
IFNGR2,27
DIAPH1,27
WNT3A,27
STT3A,27
RYR1,27
UBL5,27
ATP6V1H,27
ARX,27
CD81,27
KPNA3,27
APBA2,27
KCNJ3,27
GAN,27
LTBR,27
ZBTB7A,27
SEC31A,27
PIM3,27
GATAD2B,27
UTY,27
SART1,27
AHNAK,27
KYAT3,27
HMOX1,27
CYBA,27
SEC63,27
MYCBP,27
AP1S2,27
MOGS,27
INSIG1,27
TDRD7,27
COX5B,27
IRF5,27
P2RY2,27
MYOZ3,27
PDCL,27
PEX3,27
BHLHE41,27
RPF1,27
BLOC1S5,27
ACP3,27
AICDA,27
RGS7,27
HSPB6,27
DRD2,27
CARD6,27
ARHGEF1,27
LSM10,27
DHX8,27
DUSP6,27
TRO,26
LASP1,26
DNAH12,26
PDIA4,26
CCSER1,26
MYD88,26
EAF2,26
GRM3,26
MPL,26
ANKRD11,26
PIM2,26
APC2,26
CD1D,26
CHM,26
HNRNPAB,26
SPRED1,26
AKAP1,26
BRPF1,26
IKZF4,26
UBXN7,26
ADIPOR1,26
MAP3K6,26
MDM4,26
ADORA2A,26
GNG2,26
ARAP1,26
TCF20,26
DOCK5,26
NVL,26
MAPK8IP3,26
HSF4,26
INPP5F,26
GTF2A2,26
KANK2,26
PRR14L,26
CSNK1G2,26
ANKRD28,26
LPP,26
EFNB3,26
MAPKBP1,26
RUSC2,26
ARVCF,26
PCLO,26
PDE4B,26
MAPK15,26
CEP350,26
FHOD3,26
ISL1,26
ABL2,26
PRKAG1,26
BLZF1,26
ENO2,26
CCR2,26
TAGAP,26
ACIN1,26
IFRD1,26
OSM,26
SHPRH,25
SERP1,25
PFDN2,25
THOC5,25
CHPF,25
CHPF2,25
AGT,25
PEX16,25
AKAP11,25
IL12RB2,25
DCAF12,25
DPY30,25
CASC3,25
LLGL2,25
STT3B,25
LIN9,25
GTF3C6,25
CCL7,25
AFAP1L2,25
CYTH3,25
TCEAL2,25
MSH6,25
PDCD4,25
PQBP1,25
CD59,25
INCA1,25
TNS2,25
CDH9,25
DRD3,25
RNF123,25
ALG10,25
CNOT7,25
SH3GL1,25
SKAP2,25
KLK2,25
TBCA,25
CBX2,25
CTSG,25
MVD,25
LPAR2,25
TAGLN,25
MED13L,25
TRIM5,25
GNAO1,25
RANGRF,25
TRAK2,25
XPO6,25
ARID2,25
LIN37,25
SPATC1,25
ABCD3,25
CENPU,24
PPFIBP1,24
BARX2,24
SH3BP1,24
TUBA4A,24
ZC3HC1,24
NTN1,24
CASP4,24
MAG,24
PIWIL2,24
SLX4IP,24
ACVR2A,24
LIF,24
DDX18,24
STOM,24
RXRG,24
FARP2,24
ODC1,24
F7,24
COX5A,24
CRTC3,24
RABGGTA,24
BCL2L2,24
SIX1,24
TIMM10,24
IDH2,24
WDR12,24
JAM2,24
P2RY1,24
SPOP,24
STX11,24
PRSS1,24
MSH4,24
TAOK1,24
NECTIN3,24
DSTN,24
E4F1,24
PHOX2A,24
SHISA5,24
PIWIL1,24
SNTA1,24
CCN2,24
TUBB,24
ATP6V0D2,24
BIRC7,24
USP5,24
CST3,24
TRPC3,24
CALU,24
ENC1,24
SYNJ2BP,24
DCAF10,24
COG3,24
ATG4B,24
SLC40A1,24
NECTIN4,24
ANTXR1,24
PDE3B,24
NGF,24
ENDOG,24
CFH,24
KCNH1,24
MINK1,24
APBB1IP,24
UTF1,24
KDELR1,24
CD226,24
ADM,24
KDM5A,24
UNC13B,24
FCGR3A,24
DUSP9,24
GMFB,24
MRTFA,24
COX6C,23
MKI67,23
GRN,23
TCEAL1,23
CCL2,23
ADRB1,23
LMTK2,23
EBNA1BP2,23
PLK4,23
DHH,23
CAB39,23
ALG6,23
BATF3,23
CCDC88A,23
ACTA1,23
MTDH,23
DDX1,23
PEX7,23
SYTL4,23
TXNIP,23
APOH,23
SEMG1,23
PARVB,23
ZHX3,23
ATPAF1,23
ARL1,23
NR3C2,23
CEBPE,23
POFUT1,23
DNAJB8,23
SIRT4,23
MUC7,23
PTMA,23
IDH3B,23
OPRK1,23
SSR1,23
LHX9,23
MOAP1,23
PEX12,23
EDN1,23
PIH1D1,23
USP44,23
GTSE1,23
GAST,23
SH2D1B,23
CERT1,23
FSTL1,23
MARK4,23
TGFB3,23
GLMN,23
SLC25A4,23
APEX2,23
TIPARP,23
PUS7,23
PRP4K,23
BMP7,23
GSTM2,23
SV2A,23
CDT1,22
LCN2,22
BTG1,22
SH2D3C,22
DGCR8,22
RARG,22
GRK1,22
HNRNPF,22
ARHGAP29,22
SERPINA1,22
RGS4,22
SERPIND1,22
GRIK1,22
ACACB,22
NGEF,22
FANCL,22
SSH2,22
PPIH,22
THAP12,22
SHQ1,22
CD93,22
RND3,22
FOXH1,22
MBD4,22
EBF1,22
FANCB,22
DUSP12,22
CLNK,22
NXT1,22
SLC12A2,22
RTKN,22
DNTTIP2,22
CTSA,22
POLR3E,22
ATP2B3,22
STING1,22
TNFSF11,22
VAV1,22
RGS18,22
ATP2B1,22
MEP1A,22
THEM4,22
EIF2S3,22
DPP4,22
NGLY1,22
AP1M2,22
TBC1D5,22
MRPL13,22
TGM1,22
CSTA,22
VPS4B,22
FRK,22
PDLIM7,22
CAPN2,22
BATF2,22
GNA14,22
PTPRH,22
TRPV5,22
TGOLN2,22
APRT,21
DPH2,21
ICAM5,21
SBDS,21
TXLNA,21
ANKRD1,21
PLK2,21
BLOC1S3,21
TUFT1,21
ZNF146,21
AHSG,21
PIGR,21
RAB11FIP4,21
LHX1,21
ABHD5,21
LAMA4,21
MSTN,21
LAMTOR2,21
MMRN1,21
IST1,21
RASGRP2,21
WWP2,21
SLK,21
TAF6L,21
ETV3,21
COL4A3,21
RAP1GDS1,21
SEPTIN6,21
PTPRN,21
RHOBTB3,21
ADGRB1,21
G6PC1,21
PSMC3IP,21
PRKCSH,21
SLC4A8,21
SPDYA,21
P4HB,21
ENG,21
SPATA2,21
RSL24D1,21
NCS1,21
CPNE1,21
NAP1L4,21
SRSF9,21
EDEM1,21
RABGEF1,21
ARHGEF19,21
DGKD,21
KMT5A,21
CHN2,21
FARSB,21
SNAPC4,21
C8A,21
GLI2,21
ITK,20
FOXA2,20
STRAP,20
IRAK3,20
ZC3H4,20
KIF13A,20
DMWD,20
ZC3H18,20
JMY,20
GPR37,20
PPP6C,20
ARHGEF11,20
ABI3,20
THOC1,20
NCBP3,20
CUL9,20
AFF4,20
HSPA1A,20
SLA,20
CASP8AP2,20
CHP1,20
WDHD1,20
ALOX5,20
PPIF,20
PTPN22,20
PHKB,20
BCL11A,20
TBCB,20
CHML,20
PAIP2B,20
SNTB2,20
COL25A1,20
TSGA10,20
AVP,20
RNF220,20
ATG7,20
CREBBP,20
ZFC3H1,20
CD163,20
ZC3H6,20
CDK5RAP2,20
MBIP,20
HNRNPLL,20
TRMT61A,20
NCKAP1L,20
ACTR8,20
S100A8,20
LIN52,20
H2AJ,20
CAMK2D,20
IFI16,20
BLOC1S2,20
S100A10,20
TNR,20
ATP5MC1,20
RNASEH2B,20
DNMT3L,20
MTF2,20
IPO4,20
IL11,20
C1QB,20
ANXA7,20
HTT,20
ESPL1,20
EAF1,20
PYGO1,20
ZRANB2,20
FZR1,20
JADE1,20
SSTR2,20
UGGT2,20
MRPL20,20
GTF2A1L,20
FCN2,20
MZB1,20
CD63,19
MMP3,19
VIPR1,19
PRMT3,19
HMGN2,19
ZNF652,19
ADAR,19
RGS10,19
ABCC8,19
DMTF1,19
BIK,19
DIXDC1,19
MUTYH,19
STEAP3,19
CCNB1IP1,19
OTC,19
THBD,19
PKM,19
PCLAF,19
ERF,19
MTSS1,19
LIG1,19
AZI2,19
AP3D1,19
TPH1,19
ZNF521,19
TNFRSF21,19
DGKI,19
SEC24B,19
ITGA8,19
ALKBH2,19
RLBP1,19
MARK1,19
VPS36,19
CENPS,19
LSP1,19
ATOH1,19
NDUFA9,19
INPP5D,19
TSEN2,19
SPTAN1,19
AAK1,19
SPO11,19
UBXN6,19
IGFBP4,19
C8B,19
RECQL5,19
TRAIP,19
CD86,19
ZRANB3,19
COL4A2,19
POLH,19
ETHE1,19
ALDOB,19
AMOT,19
HADHB,19
VPS33B,19
MAP1LC3A,19
SNAPC1,19
FNTA,19
SMG6,19
POLI,19
CDK13,19
SYCP3,18
CPE,18
OGA,18
HES6,18
RGL4,18
MARCHF5,18
RGS14,18
NCKAP5,18
TFPT,18
KIF3A,18
NR2F6,18
NPY,18
CBX7,18
PDLIM1,18
SLC12A3,18
THY1,18
ARHGAP33,18
NTRK1,18
H3-5,18
RNF19A,18
E2F3,18
PSMF1,18
DPH5,18
ADSL,18
FLNA,18
FGF7,18
DFFA,18
GP5,18
RIT2,18
THAP11,18
CSRP3,18
COMMD6,18
ITGB6,18
SERPINB2,18
DST,18
MEGF10,18
AP4B1,18
BTAF1,18
NXF3,18
TAX1BP3,18
BCAR1,18
RNF216,18
GET3,18
TRIM37,18
HLCS,18
CFI,18
AP1S3,18
NTS,18
NPDC1,18
AOC1,18
CYB5A,18
LRRFIP2,18
DVL3,18
NOXA1,18
CFHR3,18
RAB22A,18
KCNJ6,18
SLC16A1,18
TNRC6A,18
SSX2,18
FGFR3,18
APOA2,18
DDX19A,18
PRKG2,18
ADCYAP1,18
KCNQ3,17
NOP10,17
TCAP,17
MYPOP,17
DUSP5,17
PLCB2,17
LRRFIP1,17
SKIC8,17
OTX2,17
RERE,17
VSIG4,17
DTX1,17
MCM9,17
GIGYF2,17
PPP4R3B,17
DAB1,17
WNT4,17
GABARAP,17
ITGB8,17
HIVEP2,17
IL27RA,17
LRP1,17
KLHL41,17
SCT,17
GIGYF1,17
PPIP5K1,17
UQCR10,17
HEXIM2,17
SATB2,17
PLEKHA2,17
GFI1,17
EXT2,17
KCTD5,17
SSBP2,17
NME3,17
MIA3,17
DPM1,17
VDR,17
NCAPG2,17
HEBP2,17
SIX3,17
APOBEC3F,17
UQCR11,17
ARL4A,17
KCNN4,17
POU2AF1,17
LDB2,17
PUM1,17
TFPI,17
POLE2,17
TBKBP1,17
STX17,17
BIRC8,17
RAD21,17
RHBDL2,17
SRY,17
FBXO31,17
COL4A4,17
STK38,17
SKIL,17
PRKAG3,17
SNRNP70,16
RAB3GAP1,16
SPTBN1,16
SREBF2,16
STK11IP,16
OSBPL6,16
EDIL3,16
STARD3,16
STARD3NL,16
DSG3,16
WDR44,16
ZFYVE27,16
PDHA2,16
LRP1B,16
KDM5C,16
ATMIN,16
HOXD12,16
HOXA7,16
CHRM3,16
DROSHA,16
NPPC,16
PLAG1,16
CACNG2,16
STIM1,16
CALCOCO2,16
MX1,16
EIF2AK3,16
TIMP1,16
DDRGK1,16
TLE5,16
EIF4E,16
CDK17,16
NCOR1,16
ATOX1,16
CDH1,16
RANBP10,16
APBA3,16
IRF4,16
YAP1,16
CD8A,16
CCL21,16
PRRX1,16
HES5,16
EPB42,16
TSEN54,16
SIX2,16
RCAN3,16
CHRNB4,16
CFB,16
NES,16
GLRX3,16
PABPN1,16
CABP1,16
IL1RAP,16
UHRF1,16
SLC15A2,16
ANXA11,16
ATXN7,16
ACVRL1,16
MMP7,16
UBE2V2,16
PTGIR,16
TPM1,16
IGBP1,16
ZNF496,16
PTGES2,16
RDX,16
PPFIA3,16
SMAD3,16
NDUFS7,16
SYP,16
ORMDL3,16
DTX2,16
SIN3A,15
TRPM2,15
CPSF6,15
RTN1,15
TCF7L2,15
GPS2,15
RTN4R,15
TTBK2,15
SUPT20H,15
PPP4R3A,15
CDK8,15
TNFAIP6,15
RCAN2,15
SCAMP2,15
MTM1,15
CRIP2,15
PIWIL3,15
TAOK2,15
KLF13,15
AKAP3,15
TUBB3,15
GRM5,15
IHH,15
DPH3,15
NEUROD1,15
CARD9,15
BCAM,15
CNTF,15
AKAP17A,15
KCNA3,15
RPAP3,15
RFXANK,15
CIP2A,15
ERAP1,15
HCN1,15
FGFBP1,15
RNF168,15
IL1RL1,15
NKX2-1,15
TTC1,15
XIRP1,15
DIP2A,15
HDAC8,15
DLX3,15
RAB3C,15
GRK3,15
FRAT1,15
EIF2B2,15
PAPOLA,15
KCNJ2,15
TP53I3,15
TOE1,15
BLMH,15
ABTB1,15
WNT5A,15
PURA,15
DLGAP4,15
PITPNA,15
ICMT,15
CRYBA1,15
UTP11,15
NEK11,15
CENPK,15
PRKCH,15
TAT,15
CBFA2T2,15
PLEKHA1,15
MRPS2,15
MAP3K14,15
RASGRP3,15
GDF5,15
MDFIC,15
NDUFS2,15
KMT2D,15
PRPSAP1,15
BRF2,15
RBKS,15
PHF5A,14
THAP3,14
SMTN,14
CCK,14
RCN1,14
IFNG,14
IFNW1,14
PYCARD,14
OGDH,14
THAP1,14
APH1A,14
SGCA,14
STAT1,14
RIOK2,14
LNX2,14
UFL1,14
NMI,14
TGFBR1,14
CHMP2B,14
PRSS21,14
KCNE1,14
GALT,14
SLC16A3,14
NECTIN2,14
PCBD1,14
S1PR5,14
GJA3,14
NRDE2,14
NOP53,14
VEGFD,14
CDH6,14
SERPINE2,14
HSD17B10,14
BET1L,14
GCM1,14
CLIC4,14
MAFF,14
BNIP2,14
CBX5,14
VEZT,14
MRE11,14
CBLIF,14
BET1,14
SLPI,14
ANGPTL3,14
BCL2A1,14
ACE,14
CALML5,14
GSTP1,14
GREM1,14
ATG4C,14
NFAT5,14
SGTA,14
VPS33A,14
CREBZF,14
TGFBR3,14
CETP,14
HCFC1R1,14
GATAD2A,14
OSTM1,14
CLSTN1,14
GRB7,14
PTGFRN,14
VCP,14
PPRC1,14
HDAC2,14
LAPTM5,14
MUSK,14
KCNAB1,14
C1S,14
SNX33,14
UBE2R2,14
LY6E,14
INA,14
ARID4A,14
CLK1,14
AP4E1,14
CNTROB,14
BRD1,14
EXOC2,14
GDF9,14
RASGRP1,14
CDK16,14
SMC6,14
SNAPC5,14
LIMA1,14
CCL11,14
SERPINA4,14
LHX2,14
CD80,14
SLC25A5,14
TRPM4,14
SYT7,14
APBB3,14
CGN,14
HSPA14,14
POGZ,14
HERC5,14
ABCB1,14
KCNIP4,14
ARHGAP26,13
HSPA1B,13
COX4I2,13
PTP4A1,13
TYRP1,13
SCG3,13
CCL4,13
MTUS2,13
CAMKK1,13
DSCC1,13
DZIP3,13
KIAA0513,13
TDP2,13
VPS45,13
NABP2,13
GNAL,13
CNGB1,13
CIAO1,13
AATK,13
MPP3,13
LCOR,13
GINS4,13
KLK5,13
E2F2,13
ANKRA2,13
SIX6,13
PDLIM4,13
SDHB,13
HMGCR,13
DZIP1,13
GPS1,13
FEM1B,13
CTSE,13
UQCRQ,13
RWDD3,13
TBR1,13
PBLD,13
RAB3D,13
ADCY2,13
C9,13
AP1M1,13
CFHR5,13
CFP,13
BRD4,13
SSTR3,13
TBC1D7,13
DTYMK,13
TNFRSF17,13
STXBP4,13
ZFAND2B,13
RHBDD1,13
ANKZF1,13
BLVRB,13
FEZ2,13
GCG,13
SNRNP27,13
DCTN3,13
RUFY1,13
GNG3,13
FHL3,13
SPMAP2,13
CSH1,13
CHERP,13
UBAC1,13
FBXO22,13
OGDHL,13
COX6B1,13
ATG16L1,13
NR4A2,13
NDUFV2,13
S100A2,13
CDCA7L,13
CTDSPL,13
IWS1,13
ARHGEF2,13
ITGA10,13
UXT,13
HOOK1,13
GRM2,13
SEC61B,13
MAML2,13
TGIF1,13
SCARB2,13
HHEX,13
CDH10,13
ITLN1,12
CCL8,12
SMAD9,12
CPLX2,12
ZNF280C,12
SIVA1,12
MSX1,12
ZNF281,12
THOC7,12
CLEC4M,12
TIMP4,12
ZC3H11A,12
SLC12A1,12
UBR4,12
CAB39L,12
BMF,12
HOXC4,12
DOK6,12
ITM2B,12
CAMSAP3,12
GRK6,12
EYA2,12
PSME1,12
HOMER2,12
GPC1,12
UBB,12
BCL6B,12
MOB1A,12
MYSM1,12
BOC,12
SLC25A13,12
UBE4B,12
SCLT1,12
ZNF462,12
GRK4,12
NAPG,12
RNF19B,12
CREB3L3,12
TNFRSF11A,12
ARHGAP21,12
PPIL4,12
PHF12,12
BLOC1S6,12
GSTM3,12
CDX1,12
DNM1L,12
GSS,12
AP4S1,12
NUFIP2,12
DRD5,12
GCLM,12
OLA1,12
COG8,12
CDKN2D,12
TCEA2,12
DRAP1,12
KIF20B,12
CLDN4,12
FOXF2,12
MTMR12,12
MCM3,12
C3AR1,12
PLTP,12
CMYA5,12
SNCG,12
CIC,12
SOX11,12
WBP1,12
PRDX6,12
KLF5,12
TXK,12
SORL1,12
IL6,12
PGGT1B,12
ANGPT2,12
NCOR2,12
ZRANB1,12
KCNJ8,12
HELB,12
LMAN1,12
BIN3,12
PIP4K2B,12
CORO2A,12
EDN3,12
ALG3,12
RRBP1,12
H3C1,12
ABCC2,12
NTN3,11
ZNF655,11
STXBP6,11
ANAPC11,11
TXLNG,11
LTA,11
MCAM,11
POLE4,11
SRGAP3,11
THAP7,11
CLCN3,11
DOC2A,11
FHOD1,11
CASKIN1,11
XK,11
PRRC2B,11
PLCE1,11
ASCC3,11
SEMA3F,11
ABCC9,11
DUSP14,11
GABRB2,11
ARHGEF15,11
NANOS1,11
VIPAS39,11
APCS,11
NEK1,11
PPM1F,11
KCNJ5,11
NR4A3,11
COL14A1,11
AVEN,11
NANOS3,11
SOX10,11
ARL2,11
BRPF3,11
TDRD1,11
CLN3,11
SYTL5,11
RABGAP1,11
RHOU,11
DHCR7,11
CIZ1,11
PPFIA2,11
ELF2,11
SERPINF2,11
EIF2AK4,11
ALG8,11
N4BP2,11
GTF2H5,11
UNC13D,11
NDUFS8,11
TJP1,11
NEIL1,11
TADA2B,11
BACE2,11
PYCR3,11
NLGN2,11
LFNG,11
RAD51AP1,11
IRF2BP1,11
KISS1,11
NPFFR2,11
SIGIRR,11
PHKG1,11
PTCH2,11
LCN1,11
NAXE,11
KRT7,11
VPS25,11
CLK2,11
DAND5,11
ST14,11
GHRL,11
AKAP4,11
RNF4,11
CDKL4,11
DARS1,11
FTH1,11
HFE,11
ANGPT4,11
ANGPTL1,11
ATPAF2,11
PAPPA,11
PRAM1,11
NFIC,11
VIP,11
GCC2,11
PEX6,11
ADORA1,11
MKRN1,11
HADHA,11
CTDSP2,11
CCN1,11
CXCL11,10
COL6A3,10
ITGAD,10
DOC2B,10
SECTM1,10
PRCC,10
PUM2,10
VTN,10
INHBB,10
SEC23IP,10
MKNK2,10
RHOH,10
PDGFD,10
UNC5C,10
GYPC,10
JAKMIP1,10
HTR2C,10
C1QA,10
MFAP5,10
CAND2,10
ROPN1,10
POU5F1,10
FAM20C,10
CNTNAP4,10
ZFPM2,10
LRSAM1,10
CD38,10
APPBP2,10
PCNP,10
RMI2,10
EIF2A,10
CEACAM8,10
RAB25,10
CIT,10
BHLHA15,10
EBI3,10
EIF4ENIF1,10
OSBP,10
GMPPB,10
E2F5,10
PIGK,10
ASB9,10
ROR1,10
KCNH2,10
ACVR1C,10
ITGA9,10
KIF3B,10
ZNF217,10
OXA1L,10
CCDC106,10
GP1BB,10
CCNG2,10
PHF8,10
SCMH1,10
SYT11,10
SYT9,10
CXCR5,10
DPYSL4,10
ADCY1,10
NHLRC1,10
IGFBP5,10
RASD1,10
ATG4A,10
KCND2,10
PDS5A,10
TBCD,10
BRSK1,10
DDX11,10
ERO1A,10
MAP1LC3C,10
GRID2IP,10
BGLAP,10
NANOS2,10
TSEN15,10
EDN2,10
CCL23,10
TLK1,10
RACK1,10
PATZ1,10
ARHGEF3,10
ADRA2A,10
VEGFC,10
CHMP1A,10
ADAMTS4,10
GOSR2,10
MITD1,10
CCL15,10
RBM5,9
NECAP1,9
RANBP9,9
PDZRN3,9
PAK5,9
TNFRSF14,9
CDK2AP1,9
HOXB2,9
IFNLR1,9
RP2,9
PPM1B,9
JCHAIN,9
SSR4,9
GALNT12,9
HTN1,9
COG6,9
CIR1,9
SLC4A1,9
TAF1,9
GMIP,9
CDC14A,9
RHPN2,9
KLHL12,9
OPHN1,9
MID1IP1,9
SC5D,9
LANCL1,9
TPRKB,9
PDE9A,9
SH3D19,9
NRDC,9
RNF31,9
PTAFR,9
DLK1,9
ARHGEF5,9
ELMO2,9
CLPX,9
ELMO1,9
KLF12,9
NSMCE1,9
SALL1,9
CRB3,9
KLK6,9
LILRA3,9
MFN2,9
PLA2G5,9
CD33,9
SLC6A9,9
SLC6A2,9
SERGEF,9
PRRC2A,9
PAK6,9
KLHL15,9
TOMM20,9
LAIR1,9
FBN2,9
NACC1,9
PHYHIP,9
PILRA,9
C4BPA,9
RARS1,9
SIGLEC10,9
SFTPA2,9
SCEL,9
CHN1,9
SRRT,9
SERPING1,9
RALGPS1,9
KCNJ11,9
SFTPD,9
CHST4,9
PAX6,9
OLFM4,9
ARL3,9
TUBGCP5,9
LEP,9
ACAP2,9
ARFGAP1,9
IL21R,9
DNTTIP1,9
RNF25,9
CLN6,9
STAT2,9
CLDN7,9
FLCN,9
UHMK1,9
TNRC6C,9
GOLGA1,9
PRAF2,9
SNX17,9
NOTCH4,9
TAMALIN,9
PTPN9,9
DKK1,9
HAT1,9
CARD16,9
CPLX1,9
ARFIP1,9
DHX30,9
DHTKD1,9
SCN10A,9
HSPB3,9
KPNA5,9
PIF1,9
CRYZ,9
FBLIM1,9
XRCC5,9
ARIH1,9
EIF4H,9
SNTG2,9
VNN2,9
FARSA,9
TIMP2,9
PRKRA,9
CACNA1H,9
EID2,9
KANSL1,9
EIF5A2,9
SFI1,9
TWNK,9
RHPN1,9
OSBPL7,9
GNPAT,9
ACTN1,9
VPS13A,9
CPT1A,9
OSBPL2,9
PDHA1,9
TIMM13,9
PADI4,9
RGS20,9
HSPB2,9
INTS6,9
GCSH,8
LY9,8
RNF139,8
CCNB3,8
IFIT3,8
SELENOS,8
TM7SF2,8
INTS2,8
CSTB,8
RNF181,8
DNAJC2,8
DEAF1,8
GTF2H1,8
MAD2L1BP,8
TRAPPC6B,8
KEL,8
ZEB2,8
IFT57,8
SLC6A1,8
LHCGR,8
INTS12,8
FZD6,8
COG5,8
APOF,8
P2RX4,8
PIGT,8
FYB1,8
ZEB1,8
SH2D2A,8
SCGB3A2,8
ACAP1,8
ISL2,8
HCFC2,8
SPEN,8
IAPP,8
HCRTR2,8
SETBP1,8
CCM2,8
POU3F2,8
F3,8
PARVG,8
RAD51,8
DRD4,8
COG1,8
PROX1,8
IL15RA,8
RELN,8
CABP4,8
STATH,8
SYT4,8
SCGB3A1,8
BACH2,8
ATF5,8
KCNAB3,8
PTMS,8
TEX264,8
EDA2R,8
RBM14,8
HJURP,8
FCER1A,8
FBXL3,8
STK38L,8
TMEM67,8
DERL2,8
CPB2,8
GET4,8
LAMP1,8
ERO1B,8
AGTR2,8
MTCL1,8
GRID1,8
COL6A2,8
TNFSF13B,8
CCL13,8
SLC26A8,8
KIF20A,8
SHC4,8
STK10,8
PPP4R2,8
TRMT6,8
HYAL2,8
COQ3,8
HECW1,8
NOG,8
COLQ,8
CTU1,8
TPBG,8
CDK10,8
S1PR4,8
RABEP2,8
HABP2,8
EBAG9,8
ADCY3,8
PHLPP1,8
PRKD3,8
FABP1,8
TXNRD1,8
GUCY2C,8
CSPG5,8
ELK3,8
PDC,8
SNX6,8
DOK1,8
AMHR2,8
RUFY2,8
GRM4,8
COTL1,8
SPINT1,8
NPR2,8
HTR2B,8
WNT1,8
TIMM23,8
WNK2,8
ADORA2B,8
C1R,8
PGAM2,8
FTL,8
TNS1,8
HOOK2,8
PLEKHG2,8
TRIM25,8
HOOK3,8
GORAB,8
DDX46,8
SENP8,8
TRIO,8
ALYREF,8
MYBBP1A,8
PLXDC1,7
GDF11,7
MYF6,7
LRPPRC,7
LEMD3,7
MYL12A,7
FBXW2,7
KCNJ4,7
TNIK,7
MLKL,7
TNNC1,7
GFUS,7
AGPS,7
CCN4,7
NEK7,7
GGPS1,7
SERPINB5,7
PDZK1IP1,7
IFIT2,7
BTLA,7
NELFA,7
KRI1,7
MAD2L1,7
PPIC,7
CDC42BPB,7
STAB1,7
EXOC6B,7
SIM1,7
SLC14A2,7
IL1A,7
RUBCN,7
PTN,7
PITX1,7
MT-ND4,7
ST20,7
RBM45,7
PASK,7
PAFAH1B3,7
NSMCE3,7
PIAS1,7
S100A1,7
PIP,7
AKAP8,7
COX4I1,7
RAPGEF4,7
COX7B,7
TAF3,7
TIE1,7
PLA2G7,7
SYN3,7
SCN4B,7
RAPGEF3,7
OTUD6B,7
CACNB1,7
PTPN4,7
SCTR,7
L3MBTL1,7
RBM17,7
CREM,7
AFTPH,7
GCLC,7
MOB3B,7
SEMA6A,7
IL15,7
RP9,7
FOXA1,7
MYRIP,7
CARD14,7
MEF2B,7
OSBPL3,7
PITPNM2,7
STK25,7
RFXAP,7
MATK,7
S100A7,7
DDX42,7
RFC1,7
RBBP9,7
CNR1,7
ALPK3,7
KLRK1,7
SPOCK1,7
TFCP2,7
CXCL1,7
CXCL6,7
C6,7
SF3B5,7
ERC1,7
MYO3A,7
FGF13,7
GPI,7
LCAT,7
RIOK1,7
PDK2,7
P2RX6,7
TOB2,7
SRGN,7
MED11,7
DDX3Y,7
FBXO43,7
KLHL20,7
TEAD4,7
RCE1,7
CEBPG,7
NFX1,7
LUM,7
CBLL1,7
EPHA7,7
TENT4B,7
YY2,7
CCKBR,7
ALS2CL,7
CABLES2,7
EIF4EBP3,7
NOM1,7
GABPB1,7
CMA1,7
ELP4,7
UFC1,7
AZIN1,7
IL17RA,7
HCRTR1,7
MPO,6
WASL,6
PSENEN,6
CCKAR,6
ORAI3,6
NFATC1,6
MMP13,6
PDCD1,6
B4GALT1,6
DLG4,6
RNF14,6
BAZ1A,6
CEL,6
HCST,6
ARL6,6
PRKACB,6
PEG3,6
RER1,6
ADIPOR2,6
SNAPC2,6
ATP2A2,6
GNGT1,6
MYRF,6
CREB3L2,6
ATP6AP1,6
PTH,6
PDP1,6
ZNF428,6
PDP2,6
TRAFD1,6
CCDC91,6
GPAA1,6
PRLHR,6
GRIP1,6
PEX26,6
KCNE2,6
SELE,6
PPP2R3A,6
THPO,6
CGA,6
SRM,6
CCNF,6
DKK2,6
ARG1,6
HCN2,6
ILKAP,6
GANC,6
CRABP2,6
RCVRN,6
H2BC14,6
DBT,6
GLIS2,6
LRRC14,6
KLHL24,6
SIRPG,6
GCGR,6
PPP1R7,6
JAKMIP3,6
ALCAM,6
KLF2,6
CEP131,6
SMURF1,6
MCTS1,6
MTIF2,6
BRSK2,6
SUN2,6
INHA,6
CPT2,6
ALG12,6
KCNA1,6
TIMM8A,6
CIRBP,6
CFAP20,6
SERTAD4,6
ZFAND6,6
S1PR3,6
GLE1,6
SSTR1,6
XRCC3,6
HOPX,6
SIM2,6
PJA1,6
KRAS,6
SNX27,6
F12,6
CALD1,6
TGM3,6
PHPT1,6
IL4,6
MYOC,6
CRH,6
CAPZA1,6
BMPER,6
PPP1R14A,6
ROR2,6
SELP,6
PCBD2,6
CCR8,6
SNAPC3,6
NKIRAS2,6
NKIRAS1,6
CCNO,6
UBE2F,6
SRPX2,6
NTN4,6
TAC1,6
CYP3A4,6
ADCYAP1R1,6
PF4,6
NRL,6
NOX1,6
GALR2,6
SMG1,6
COX17,6
GRIN2B,6
LNX1,6
U2SURP,6
NTSR2,6
PRMT5,6
TNFSF8,6
BLOC1S4,6
CRP,6
BCL2L10,6
TBL1XR1,6
CHGA,6
NPY1R,6
C5AR1,5
CALCRL,5
ADCY10,5
DYNLL2,5
MYLK,5
SUMO3,5
KCNQ2,5
KLHL22,5
MRPL1,5
NPRL2,5
AP3M1,5
PORCN,5
STIL,5
SLC39A1,5
DECR1,5
PKIA,5
PDK3,5
S100A9,5
WASF3,5
CLDN5,5
ELF1,5
FAM124B,5
RCOR1,5
TREM1,5
PPP4C,5
UIMC1,5
SIGLEC5,5
MYH10,5
CYP2E1,5
CHRAC1,5
FGF9,5
PPP2R3B,5
PROZ,5
RELL1,5
GJB2,5
PAMR1,5
APOC3,5
HCRT,5
MYF5,5
CDC27,5
NIPBL,5
IL12B,5
FCGR2B,5
DDR1,5
GULP1,5
G3BP1,5
SCO1,5
CAPRIN1,5
SRMS,5
PANX1,5
ZNF346,5
POU2F1,5
RAMP3,5
MYL2,5
SNAP25,5
DYNLT4,5
DMRT1,5
ZBTB32,5
NDUFA10,5
IL10RB,5
SNRPN,5
CACNA1F,5
SEC31B,5
PLA2G1B,5
DNAJC8,5
FGD1,5
FGFR4,5
PON1,5
TNFRSF10C,5
TBX19,5
SHCBP1,5
GUCY2D,5
FHIP1B,5
CHRM1,5
MOS,5
POLG,5
TRIR,5
EPHA1,5
BCHE,5
GLS2,5
SCO2,5
RAD54L2,5
SHARPIN,5
MOSPD2,5
ASGR1,5
PLIN2,5
CXCL5,5
RASA2,5
ENKUR,5
KCNQ1,5
KCNN2,5
KCNH6,5
NABP1,5
SEMA4D,5
CAPN11,5
PARG,5
FGG,5
KTI12,5
C4BPB,5
PHKA1,5
BTN1A1,5
LGALS3BP,5
WEE1,5
ULK3,5
NCOA2,5
LCORL,5
LMOD3,5
HSPA5,5
MTF1,5
MSR1,5
ATG101,5
YIPF5,5
ANGPTL2,5
RNF103,5
OLIG2,5
PAX8,5
USH1C,5
INTS10,5
TPR,5
SSC5D,5
CAMK2G,5
ADSS2,5
NRG2,5
IL1R2,5
NFATC4,5
ART4,5
KLRC1,5
CSF3,5
STK16,5
PPP4R1,5
PDK4,5
COX7C,5
TOMM70,5
PEX1,5
TOMM34,5
MCM2,5
MACROH2A1,5
CLEC11A,5
IGSF1,5
RBM15,5
L3MBTL2,5
ARHGEF18,5
SERPINA10,5
FAM162A,5
CRYGC,5
CDC37L1,5
LSS,5
GLOD4,5
PRSS12,5
TFIP11,5
AGTRAP,5
CHRNA4,5
BCKDHA,5
DVL1,5
KLK3,5
ESM1,5
TNFRSF13C,5
CSN3,5
SLC16A2,5
NPRL3,5
MEFV,5
NPY4R,5
DUSP2,5
CLIC3,5
EID1,5
VPREB1,4
YIF1A,4
IGF1,4
NAGPA,4
CSNK1G3,4
KCTD11,4
H4C1,4
TNFRSF19,4
MMS19,4
MAP3K20,4
KIRREL1,4
ADRB3,4
LMBR1L,4
RASSF8,4
MC2R,4
HTR4,4
TPX2,4
TRAP1,4
PRB1,4
BTG3,4
TAC4,4
CCDC50,4
ORAI2,4
DNAJC10,4
DCBLD1,4
TRHR,4
XPO7,4
ANKRD2,4
EIF4A3,4
GLP1R,4
SLC35A2,4
MKS1,4
ASB1,4
GRIA2,4
PNCK,4
APLN,4
CRIPTO,4
LMX1A,4
HBB,4
FMNL2,4
SPSB4,4
SPSB1,4
NFKBIA,4
RYR2,4
RAD51C,4
EMILIN1,4
MYLK3,4
UBOX5,4
TUBB2B,4
MYO18A,4
ANP32E,4
PAK3,4
STRADA,4
IL17F,4
GSC,4
F2RL3,4
GNB1,4
RFX6,4
PTTG1IP,4
RIC8B,4
HDAC9,4
SORCS1,4
GDF15,4
CORO1A,4
RPA2,4
ZMYND10,4
ADAMTSL4,4
ARHGEF25,4
CTSS,4
HTRA1,4
MYPN,4
PSME2,4
DUSP7,4
LIPT1,4
AMT,4
BNC1,4
IMPA1,4
OTULIN,4
AURKAIP1,4
HSF1,4
FOXRED2,4
PRMT7,4
SPA17,4
MND1,4
ASAP3,4
KLHL2,4
ATP2A1,4
TFB1M,4
CCAR2,4
ECD,4
RELT,4
HECTD3,4
GMDS,4
ADAMTS1,4
RLN1,4
FBLN5,4
SLAMF7,4
USH1G,4
CCNT1,4
PCDH15,4
FPGT,4
C16orf82,4
MCM5,4
TAF4B,4
GNAT1,4
EYA3,4
NDUFB7,4
NDUFB10,4
EYA1,4
HK3,4
RASA3,4
NDUFA7,4
ARID5B,4
TEX14,4
APOD,4
TIMM50,4
PRPF18,4
ADGRL1,4
NCBP1,4
NDUFAF3,4
CTSC,4
UNC5A,4
ZBTB14,4
TTBK1,4
PPIL2,4
SDHC,4
INSL6,4
ABI3BP,4
C5AR2,4
ABI2,4
F13B,4
LINGO1,4
SULT4A1,4
GNAI3,4
SGK2,4
NLRP12,4
UBE2D2,4
NLRP3,4
FNIP2,4
C1QC,4
CAPZB,4
BCAN,4
PAX1,4
WNT2,4
NPTX1,4
PLEKHA8,4
SH3BP2,4
NME2,4
AFP,4
TTC8,4
LACRT,4
SNX18,4
NUDT21,4
COX10,4
WNK3,4
ITGAM,4
ARG2,4
CD3G,4
DCP1A,4
PTP4A2,4
HNF1B,4
DEPDC5,4
PAX2,4
MYO1E,4
PSTPIP2,4
NT5C2,4
AGGF1,4
DAPK2,4
LHB,4
TXNDC17,4
GALNT14,4
TNFRSF11B,4
FGF4,4
PIR,4
AMN,4
PLEC,4
ZNF675,4
INPP5A,4
ARIH2,4
ZFAND5,4
PUS1,4
CDC14B,4
SGSM2,4
CXCR3,4
PLCB4,4
NPR1,4
PTPN3,4
PDYN,4
BHLHE40,4
NPY5R,4
STOML3,4
NXF1,4
FGF10,4
GIT1,4
C8G,4
LPXN,4
EPCAM,4
FGF23,4
ABLIM1,4
TSN,4
DNAJA2,3
TK1,3
PPP2R2A,3
CLK4,3
DLEC1,3
TNNT1,3
MOB2,3
YY1AP1,3
U2AF2,3
UBE2D1,3
LEPR,3
ICAM1,3
SOCS1,3
TADA1,3
SLC22A11,3
ERG28,3
SH2B2,3
XDH,3
SCNN1A,3
PTPRB,3
PAX3,3
NDFIP1,3
HASPIN,3
TMSB4X,3
PAN3,3
LARP4B,3
KDM4A,3
LARP4,3
MOB1B,3
IL5,3
GSPT2,3
OPRPN,3
TTC3,3
ATXN2,3
ARC,3
HERPUD1,3
MSRB2,3
SLC7A11,3
FZD8,3
ERVW-1,3
CALCOCO1,3
AZGP1,3
MLNR,3
HLA-A,3
TUBA1B,3
HHIP,3
GNAQ,3
A9UF02,3
NRG3,3
FAT4,3
EPB41L1,3
CYTIP,3
TRIM23,3
GRIN1,3
UFM1,3
CACNG7,3
NRXN2,3
HEXA,3
SGCG,3
HLA-G,3
CDC42EP1,3
CDC42EP2,3
CDC42EP3,3
CDC42EP4,3
PRPS1,3
MARCO,3
INO80B,3
DARS2,3
PTPRT,3
CMPK1,3
PRKAR1A,3
CBX1,3
OIP5,3
TAC3,3
CD27,3
MYO10,3
PHC3,3
IGFBP7,3
CILK1,3
DUSP23,3
LEF1,3
PABPC4,3
STRN,3
CXCL9,3
CCL3,3
SALL2,3
P2RY12,3
TRAPPC1,3
MAGEH1,3
STYK1,3
BEX1,3
ARHGEF4,3
GABRA1,3
PKHD1,3
U2AF1,3
KRT16,3
ABCG5,3
RXFP4,3
DHPS,3
RASSF6,3
CDK11A,3
MAPK4,3
PDILT,3
DIAPH2,3
GUF1,3
CCL17,3
HNRNPD,3
CLDN3,3
ARL2BP,3
CTNNAL1,3
TRIP13,3
RAD54L,3
MSC,3
TNRC6B,3
CDC25C,3
FKBP2,3
SUGP1,3
PTP4A3,3
NRIP2,3
SASS6,3
RECK,3
IRF6,3
FOXO3,3
SOX6,3
CDK18,3
GAS2L2,3
NXPE2,3
SPHK1,3
FBXL7,3
NLRC4,3
PEDS1,3
PRDM2,3
GHRHR,3
HOXC8,3
IL9,3
SAMD4A,3
CTNNBL1,3
DMBT1,3
LAMP2,3
VSNL1,3
UBA7,3
LBP,3
HAND2,3
MAGI2,3
ESR2,3
ID4,3
SLN,3
MAP3K12,3
P62158,3
SMG7,3
VTA1,3
TCP1,3
SMNDC1,3
RO60,3
DAAM2,3
LNPK,3
PEF1,3
PLEKHA4,3
SFRP2,3
MAGEC1,3
CRX,3
UBA5,3
MTAP,3
LRCH1,3
CLCN7,3
EPHB4,3
RPS3,3
MYLIP,3
LDLR,3
UCKL1,3
BCLAF1,3
ALDH1A1,3
TNFSF12,3
LRP12,3
GNG13,3
MZF1,3
CTU2,3
CDSN,3
TACR1,3
ADGRL2,3
CXCL13,3
ITM2C,3
TNNI2,3
MAEL,3
ALDH1B1,3
PRKAR2B,3
WFIKKN2,3
CLIP1,3
MUS81,3
OXTR,3
FBXL17,3
SCYL1,3
ADD3,3
H3-3A,3
RIGI,3
NPLOC4,3
LALBA,3
APTX,3
MT1A,3
AKR1B10,3
TJP2,3
NDUFA1,3
BRD3,3
EZH2,3
CRELD2,3
MT-ND5,3
COX7A1,3
MT-ND1,3
EHMT2,3
FBXO25,3
ENSA,3
TLR4,3
RHOC,3
DPT,3
TFG,3
PRRC2C,3
PLPP3,3
SELPLG,3
RNH1,3
EGFL7,3
PFDN4,3
AKAP9,3
APAF1,3
FBXO3,3
RBFOX2,3
IL18RAP,3
DYRK3,3
WNT10B,3
LILRB4,3
FGF3,3
FGF18,3
RHOT2,3
MSRA,3
IL17A,3
HSPB9,3
NTSR1,3
PRC1,3
DBN1,3
HOXB9,3
METAP2,3
FKBP6,3
SH3BGRL3,3
RAB3IP,3
CBX3,3
PEX5,3
CIDEB,3
USHBP1,3
OPRL1,3
CDH12,3
INSC,3
SLC4A2,3
WNT5B,3
ASB4,3
FGF5,3
SESN2,3
MYO5A,2
EEF1E1,2
JMJD1C,2
IFNL2,2
ABCG2,2
CDCA4,2
MAGEA6,2
TECPR1,2
DBP,2
ITPR1,2
NDUFV3,2
MASTL,2
COPS5,2
IL22,2
HYPK,2
FCAR,2
TPST1,2
AFG1L,2
KIFC1,2
TPST2,2
RPP40,2
FKBP1B,2
ZNF318,2
POLRMT,2
PYY,2
SOD3,2
SEPTIN7,2
SART3,2
DOHH,2
ORM1,2
RLN2,2
ACTR6,2
PTH2R,2
DNAJB12,2
UBR5,2
CUZD1,2
TXN2,2
FCGR1A,2
RGS17,2
NDUFA12,2
CNPY2,2
ZMIZ1,2
USP24,2
BMP15,2
MOCS3,2
EIF4B,2
PHF1,2
HIBADH,2
CTAG1A,2
TIMM17A,2
GKAP1,2
DVL1P1,2
NPAS4,2
LOXL1,2
LRR1,2
AGAP2,2
DLGAP2,2
RNF34,2
MMP16,2
BSN,2
MMP24,2
IL25,2
STX3,2
PIK3CB,2
UBD,2
ME1,2
FSHB,2
PTPRE,2
RAE1,2
KCNF1,2
RGS9,2
SLC9A7,2
CGB1,2
CGB2,2
RAET1G,2
MICA,2
SCN8A,2
RIN3,2
NEDD1,2
STK17B,2
MEX3A,2
SERPINB1,2
BBS9,2
LZTS1,2
ARL6IP5,2
CLEC4A,2
CLPS,2
OXT,2
SERPINF1,2
CCR1,2
PI4K2A,2
MDFI,2
PKNOX1,2
TNNC2,2
DCAF11,2
TRIM68,2
MXI1,2
COQ7,2
KALRN,2
DYNC2I2,2
BMI1,2
DCUN1D2,2
MAP4,2
DYNC2I1,2
PLIN1,2
POLQ,2
NAB1,2
YBX1,2
CHD3,2
MAGEA11,2
RAB8A,2
RBAK,2
COQ6,2
TRIM3,2
RARA,2
PNLIP,2
SGCD,2
GJC1,2
HEY2,2
NR1I2,2
HSBP1,2
KLRD1,2
RECQL4,2
TNNI1,2
ANK1,2
MC1R,2
SIRT7,2
PFDN1,2
ZFP36,2
ARAP3,2
RPL13A,2
PARD6G,2
SPDEF,2
FZD9,2
NPB,2
PKD2,2
PAK1,2
CDYL2,2
PIP5K1A,2
ANG,2
RASD2,2
AHSA2P,2
FLNB,2
TNFSF15,2
LPAR3,2
NKX2-2,2
KIF22,2
MTNR1A,2
TFEB,2
FKBP1A,2
INHBC,2
TTN,2
PTPN13,2
TLK2,2
LIPE,2
CTIF,2
ERP44,2
C7,2
NUP214,2
RPS20,2
SDCBP2,2
CTSK,2
PAPPA2,2
PHF20L1,2
VAMP2,2
MADCAM1,2
PTPRK,2
TSSK4,2
G3BP2,2
MEIS1,2
NRP1,2
ZNF653,2
GREM2,2
RCN2,2
NEK3,2
SMAD2,2
CCT6B,2
PRKX,2
IFI35,2
TRMT10A,2
CTCFL,2
ATRNL1,2
RAMP1,2
SLC9A3,2
RPS6KA6,2
TBP,2
PCSK1,2
BPTF,2
AKAP7,2
CHRNB1,2
ASIC2,2
EEF1G,2
SUPT6H,2
LEMD2,2
PTPN7,2
SLC22A1,2
SPTLC1,2
ECSIT,2
GPR89A,2
SNRPB,2
GTF2F2,2
EFEMP1,2
N4BP1,2
UBE2A,2
UBE2G2,2
ERH,2
KCNJ9,2
SPAG16,2
TRIM32,2
HOXA1,2
TFF2,2
PPBP,2
SPAG17,2
REG3G,2
SKA2,2
SCAP,2
PCK1,2
RORC,2
FBP1,2
HERC2,2
DLX1,2
EPRS1,2
ZNF423,2
IPO13,2
DNAJC14,2
ZP4,2
CSNK1A1L,2
DACH1,2
UGP2,2
GADD45GIP1,2
CIAO2B,2
CIAO2A,2
FBXL20,2
TOP3A,2
MPC1,2
PIGU,2
PRDM16,2
ACTG1,2
TNFRSF12A,2
ACSL6,2
HDAC6,2
RAPGEF1,2
NDUFS4,2
EXOC8,2
NDUFS6,2
TBX21,2
DUSP26,2
GAS1,2
CCR7,2
ARHGEF9,2
NDUFB3,2
RGS1,2
ARHGEF17,2
CSRP1,2
SSBP1,2
HEXB,2
TACR3,2
NDUFB8,2
NDUFB5,2
RFNG,2
CCZ1,2
CDC25B,2
PAM16,2
GEMIN8,2
RXFP1,2
CRLS1,2
FABP5,2
NDUFA8,2
VPS4A,2
MARCHF8,2
FXN,2
TOMM40,2
NRAS,2
GEMIN2,2
ACVR1B,2
GLRB,2
CDK20,2
ST6GAL1,2
WFIKKN1,2
TESK2,2
KIF1A,2
POLA2,2
ZBTB18,2
DYNC1LI1,2
CCDC32,2
TMEM37,2
KIF2C,2
DDX31,2
CD274,2
SUB1,2
NLRP4,2
MIS12,2
CHRNA1,2
SERPINB8,2
KIF2A,2
GOLGA2,2
SLC25A24,2
HRK,2
YRDC,2
NOXO1,2
TOR1B,2
AVPR1A,2
FBXO42,2
AVPR2,2
AVPR1B,2
FBXO9,2
CENPN,2
PIK3R3,2
POLR1F,2
DRD1,2
NRK,1
HOXC9,1
B2M,1
MORF4L1,1
PHF2,1
DCAF8,1
PJA2,1
HSFY1,1
GLYR1,1
PDXP,1
TFAM,1
NSD1,1
CAP1,1
PBRM1,1
DPF3,1
MYL5,1
PDIK1L,1
HAVCR1,1
CHAMP1,1
KCTD15,1
VRK3,1
WWOX,1
SMN1,1
ST13,1
LYL1,1
ZNF470,1
MRAP2,1
WEE2,1
SIPA1,1
CHD7,1
SPRR3,1
MOBP,1
TIPRL,1
ARPC1B,1
GPR50,1
GALE,1
SH3PXD2B,1
LOXL2,1
BMP5,1
PHACTR1,1
FKBPL,1
IL1RAPL1,1
CHMP1B,1
S1PR1,1
ARPC4,1
RTEL1,1
DCLK1,1
ITFG1,1
CMTM4,1
KLHL6,1
SP100,1
SMO,1
ACAT1,1
PYGM,1
TBPL1,1
NOD2,1
NOD1,1
CRHR1,1
TRIM54,1
H2AC11,1
MARCHF1,1
MYH1,1
ZC3HAV1,1
RHOJ,1
NDUFB2,1
NEFH,1
WT1-AS,1
ASB8,1
RNF6,1
KLF9,1
CUEDC2,1
KLHL3,1
SSX2IP,1
NDP,1
CGAS,1
DNAH1,1
CCNY,1
TRIP10,1
TSPAN12,1
FNBP1L,1
OSCP1,1
RPGRIP1,1
FPR2,1
CHFR,1
NME5,1
OXSM,1
TBC1D31,1
TLE3,1
LIN54,1
PPP1R9B,1
ACSL4,1
COL4A6,1
MCU,1
CD79B,1
MIB1,1
NDUFB4,1
TRPM6,1
NEFL,1
KRT14,1
EPHA5,1
HTR1D,1
ZMYND8,1
CASQ2,1
NFE2L1,1
PIK3R6,1
PRIMA1,1
RDH5,1
SUDS3,1
SURF1,1
LAMTOR1,1
COPS3,1
CHRNA5,1
CRIP1,1
TSHB,1
HNRNPUL1,1
EEF1A2,1
MLH1,1
CHRNA3,1
PRIM1,1
CHRNA2,1
SENP1,1
POP7,1
CRADD,1
PTCRA,1
NOS3,1
SLC29A1,1
SEM1,1
FBXL8,1
DDX6,1
OTX1,1
EPHA6,1
USP36,1
CDK5RAP1,1
BAIAP3,1
SLC5A1,1
LIMD1,1
GBF1,1
MARCHF6,1
TRH,1
CKB,1
ITGB3BP,1
WNT3,1
GPSM1,1
GNAT3,1
PPP1R12B,1
ZMYM5,1
PIAS2,1
MAST2,1
POMZP3,1
HUS1B,1
NFE2L3,1
RUBCNL,1
SCFD1,1
SEPTIN9,1
SEPTIN8,1
SEPTIN11,1
AIP,1
NAP1L1,1
FDX1,1
PTGS1,1
HIGD1A,1
GSDME,1
PTBP3,1
TCF3,1
TCF12,1
TAL2,1
RAB26,1
DUSP22,1
PSMC5,1
ETV4,1
SARAF,1
RRM2,1
LOXL3,1
F2RL2,1
MAGI1,1
RFX7,1
RFX5,1
AQP2,1
UPF2,1
TSPAN1,1
RBM38,1
UBA52,1
FBXL2,1
DYRK4,1
PRMT8,1
PLSCR4,1
ACTN4,1
CARS1,1
VARS1,1
MFF,1
SPINK1,1
TBC1D20,1
SLC6A4,1
RNASEH2C,1
SEC13,1
KAT8,1
VPS41,1
AREL1,1
GLS,1
MEOX2,1
RNF152,1
ACTR2,1
CDK15,1
HECTD1,1
TLCD3A,1
TFAP2B,1
SPC24,1
SPCS2,1
SAMHD1,1
TRAF3IP2,1
TM4SF5,1
ETV5,1
SCGB1A1,1
LTB4R,1
PCSK4,1
RAP1GAP2,1
AMH,1
SYNPO,1
MOB3A,1
RILPL2,1
CFAP100,1
RALGDS,1
NAE1,1
NDRG2,1
LIN28B,1
MIOS,1
RNF167,1
WDR24,1
WDR59,1
SYVN1,1
IL17RB,1
KHK,1
POR,1
LAMTOR5,1
CYB5R3,1
STAT5B,1
GFPT1,1
GAREM1,1
CCR4,1
MTO1,1
FGF12,1
IL33,1
CDCA2,1
NAT14,1
S100A13,1
CTDNEP1,1
RNASE2,1
RNASE1,1
TUSC3,1
CTSH,1
PDE4DIP,1
LARP1B,1
LARP1,1
CCS,1
CACNB3,1
PRDX2,1
PDE6D,1
HOXB6,1
LTBP1,1
HSF2,1
SLC5A5,1
MAGT1,1
PALLD,1
GTF3C1,1
ANXA6,1
USP51,1
OMG,1
NMRK1,1
ADIPOQ,1
LTC4S,1
RPSA2,1
IGLL1,1
SEC16A,1
VPS39,1
NUAK2,1
FBXO44,1
CPEB1,1
TPI1,1
IL22RA1,1
PFKFB2,1
CAMK1G,1
LDHA,1
FBXO11,1
SLC26A3,1
TNFRSF9,1
MARS1,1
SLC27A1,1
SYNCRIP,1
PARP2,1
RPS2,1
ARHGEF6,1
MAP1LC3B2,1
IFITM1,1
USP22,1
HTR1B,1
SPTLC3,1
PRKACG,1
RPS28,1
MGAT5,1
GPRIN1,1
CDKN2A,1
PPM1K,1
ZNRF2,1
EXOC6,1
SEMA4C,1
FGF6,1
CLTRN,1
SERPINB3,1
JOSD1,1
MIA,1
PRPF6,1
NREP,1
SLC22A12,1
SLC17A1,1
FZD4,1
FZD3,1
ZNF207,1
STK19,1
EBP,1
AZIN2,1
CLCC1,1
AMPD2,1
AP1AR,1
GLG1,1
TNFRSF6B,1
CD300LF,1
H2AZ1,1
IFNL1,1
TACC3,1
TNIP3,1
SLC1A2,1
PYM1,1
IRF9,1
SNRPA1,1
HLA-DQB1,1
PPP1R1A,1
FBXO15,1
SULT2B1,1
IPCEF1,1
RRN3,1
MYO1B,1
ACTR3B,1
PUF60,1
TNFSF9,1
PARK7,1
TPT1,1
CSTF2,1
MPG,1
SOCS7,1
NUP88,1
NUP35,1
NUP155,1
SNX1,1
ST7,1
TRDN,1
UBE3C,1
ERAS,1
GMEB1,1
PPM1G,1
TLE6,1
SP2,1
BRME1,1
IL11RA,1
AP3M2,1
ATP5PB,1
LAT,1
PLEKHG6,1
WDR4,1
PRIM2,1
COL8A1,1
MED15,1
ACADM,1
MARCKSL1,1
OPA1,1
MYH14,1
HNRNPA3,1
UBE2S,1
H3-4,1
PRDX1,1
TRIM27,1
SNIP1,1
RANGAP1,1
HSP90B2P,1
SLBP,1
TNFRSF25,1
TNFRSF1B,1
CAMTA2,1
MEF2D,1
CENPQ,1
SWAP70,1
INKA2,1
PRPS2,1
CENPT,1
AOC2,1
CD84,1
COL11A2,1
EPS15L1,1
PTPMT1,1
SECISBP2L,1
ZNF598,1
PNPLA2,1
PACS2,1
BMP8A,1
PTPRD,1
PIAS3,1
CALY,1
ARL13B,1
SCAI,1
MPP1,1
SF1,1
SGCZ,1
UTRN,1
NF1,1
ALG1,1
FOXK1,1
FOXK2,1
FBXL6,1
MAP3K21,1
TRIM56,1
FDXR,1
PKNOX2,1
PAH,1
JPH2,1
DGKA,1
COL8A2,1
ITGA4,1
UBE2W,1
HSP90B1,1
ALPK1,1
CASP1,1
METTL3,1
NAPSA,1
NAPA,1
ANXA13,1
SCRIB,1
KLHL17,1
LCMT1,1
SPATA16,1
TRIM35,1
PPP1R26,1
TRIB2,1
SETD6,1
CENPI,1
MAT1A,1
CLDN2,1
GRK7,1
SARG,1
MYLK2,1
MYT1,1
COX11,1
PHC1,1
GM2A,1
STK33,1
MMS22L,1
MGAT1,1
HSF2BP,1
ENPP3,1
PEX10,1
KMT5B,1
CRB2,1
CLDN11,1
CUL2,1
TAF9,1
IGF2BP2,1
DYDC2,1
LRATD2,1
NDUFA4,1
NDUFA6,1
NDUFB11,1
NDUFC2,1
NDUFS5,1
TMPRSS15,1
IGFBP1,1
PRG2,1
IGF2BP3,1
HECTD2,1
TBX5,1
CHCHD1,1
CPNE3,1
SEC61A1,1
MEMO1,1
PFKFB3,1
MGST1,1
ZBP1,1
CASR,1
SPTBN4,1
RAD23A,1
TACR2,1
NDUFAF4,1
DNA2,1
FAAP24,1
HIPK4,1
PLEKHF1,1
PTPRU,1
STK17A,1
KLHL11,1
ADRM1,1
MUC1,1
DCUN1D3,1
GOLM1,1
TRIP11,1
PFKP,1
ADAMTS5,1
MC5R,1
EYA4,1
EMILIN2,1
TRIM55,1
MUC13,1
CAND1,1
SAP30L,1
TUBB1,1
ABCG8,1
DOCK8,1
NEK5,1
GCHFR,1
IDH1,1
DSCAM,1
ARHGAP35,1
IPO11,1
WDR83,1
PLA2G10,1
CCL22,1
CXCL10,1
GLP2R,1
RIOK3,1
IFIH1,1
PLN,1
RNF125,1
WNT7A,1
CROCC,1
DDN,1
FSTL3,1
DUX4,1
PPM1H,1
CKS1B,1
CWC22,1
SOSTDC1,1
VEGFA,1
RGS13,1
USP33,1
GNAS,1
PRKAR2A,1
GGN,1
CLDN19,1
RREB1,1
TNFRSF10D,1
CLK3,1
PTPN14,1
EPHB3,1
UBR1,1
MYH9,1
TIMM9,1
PMEPA1,1
STAG2,1
UBE2D3,1
KPNA7,1
RAB4B,1
MTA3,1
PRUNE1,1
CDH17,1
PMVK,1
MCOLN1,1
ALG2,1
SGCB,1
TSPAN4,1
GCK,1
TUT1,1
TEAD2,1
MON1A,1
PDCD6,1
GNB2,1
PECAM1,1
CHMP3,1
EXOC4,1
AK2,1
DHODH,1
ADRA2B,1
CELF1,1
NAA50,1
MAP3K9,1
TNK1,1
RILP,1
MYO5B,1
GGT7,1
EPM2A,1
CTSV,1
PI3,1
SRSF2,1
TEAD3,1
ADCK5,1
SCX,1
RUVBL2,1
MYH2,1
