PSP:ON_PROT_INTERACT,count
14-3-3 beta,197
GRB2,120
14-3-3 zeta,116
PIN1,101
14-3-3 epsilon,87
SHP-2,86
BTRC,77
PIK3R1,73
Src,71
14-3-3 gamma,69
PLK1,65
ARRB1,61
SHC1,61
FBXW7,60
p53,60
PLCG1,53
CBP,48
14-3-3 sigma,47
ARRB2,47
14-3-3 theta,45
CTNNB1,41
14-3-3 eta,39
SHP-1,38
p300,38
NBS1,34
MDM2,34
Calmodulin,34
ACTB,32
RASA1,29
HDAC1,29
EGFR,28
STAT3,27
SKP2,27
NFkB-p65,27
Exportin-1,25
CRK,25
ER-alpha,25
mTOR,25
RAF1,25
RAC1,24
Fyn,24
NCK1,24
CSK,23
CBL,23
PARP1,22
VAV1,22
E2F1,22
E2F4,22
ACTA1,22
ARR3,22
IKKG,21
FBW1B,20
HDAC3,20
KPNB1,20
LYN,20
LC3B,20
HSP90A,20
ERK2,19
Bcl-2,19
PPP2CA,19
Lck,18
RHOA,18
FAK,18
H3,18
NPM1,18
IKKA,18
CHIP,18
AR,18
CDK4,17
Akt1,17
Arg,17
Raptor,17
CDH1,17
Vimentin,17
SQSTM1,16
CRKL,16
SUMO1,16
LATS1,16
MDC1,16
N-CoR1,15
G-alpha,15
JNK1,15
PLCG2,15
beclin 1,15
TOPBP1,15
talin 1,15
SIN3A,15
SMAD3,15
CDK1,15
IKKB,15
S100B,15
SMAD4,15
HRas,14
TRAF2,14
CDK2,14
BRAF,14
IRF3,14
TCF4,14
PML,14
axin 1,14
P38A,14
CDC42,14
BRCA1,13
ATM,13
S100A2,13
HSP70,13
MRE11A,13
KPNA1,13
SLP76,13
FLNA,13
NCK2,13
PIK3C3,13
STAT1,13
GSK3B,13
CCND1,12
PCAF,12
PXN,12
MOB1A,12
RXRA,12
H2AX,12
MCM3,12
INSR,12
SMRT,12
ubiquitin,12
ERK1,12
coilin,12
PPP1CA,12
TRAF6,12
EB1,12
SUFU,12
HSC70,12
TUBA1A,12
PIK3C2A,11
GADS,11
SP1,11
SMC3,11
SCC-112,11
INCENP,11
GRB7,11
PIK3R2,11
RNF4,11
PTP1B,11
Syk,11
HDAC2,11
YAP1,11
FADD,11
WRN,11
CFTR,11
VAPB,11
Btk,11
ZO1,11
SUMO2,11
STAT5A,11
hnRNP P2,11
CLTA,11
PCNA,10
TUBG1,10
MCM7,10
SHIP,10
H2A.1,10
SPOP,10
SOS1,10
Rb,10
STING,10
DRP1,10
SH2D1B,10
PIK3CA,10
RACK1,9
CTNNA1,9
4E-BP1,9
KPNA2,9
CYBA,9
LC3A,9
AGO2,9
EIF4E,9
P130Cas,9
TUBB,9
KPNA4,9
CTBP1,9
MST1,9
MAVS,9
STAT2,9
Bcl-xL,9
BAX,9
MYD88,8
Pnk1,8
CDK9,8
RPA1,8
TACE,8
CDK6,8
AurB,8
RAD1,8
CALCOCO2,8
VCP,8
53BP1,8
S100A4,8
tensin 1 iso1,8
GAB1,8
HP1 alpha,8
AurA,8
ARF1,8
Myc,8
VAV2,8
ASK1,8
CDC20,8
ACTN1,8
PKM,8
NFkB-p100,8
FBXO31,8
SNCA,8
AHSA1,8
PSMA3,8
MST2,7
lamin A/C,7
4E-T,7
LATS2,7
TNNC1,7
TBK1,7
BAF,7
MEK1,7
Ezrin,7
ROCK2,7
NFkB-p105,7
SOCS3,7
Mad2,7
CLTC,7
TDP-43,7
HER2,7
JAK2,7
occludin,7
IQGAP1,7
RAD51,7
PTEN,7
HEC1,7
PIAS1,7
CBLL1,7
claspin,7
POLR2A,7
PACS-1,7
ECT2,7
RB1CC1,7
TEAD4,7
PKCD,7
BRCA2,7
S100A1,7
GAPDH,7
PAK1,7
DAB1,7
PIH1D1,7
S100A6,7
KSR,6
ARPC2,6
NDR1,6
KPNA5,6
Oct4,6
NHERF,6
FANCD2,6
Abl iso2,6
TPM1,6
MLKL,6
PKACA,6
CK2B,6
PGC-1 alpha,6
PICK1,6
SRC-1,6
TNF-R1,6
N-WASP,6
Met,6
GLE1,6
Chk2,6
SERCA2,6
HDAC4,6
BLM,6
NMDAR2B,6
BRD4,6
DGCR8,6
MRF,6
VASP,6
CD45,6
TBL1XR1,6
SIRT1,6
PPP1CC,6
TBL1X,6
USP7,6
GPS2,6
IRF7,6
CDC42 iso1,6
ADRB2,6
SH2D1A,6
IRS2,6
SKP1A,6
PPP3CA,6
ITGB3,6
UBC9,6
ATG14,6
L3MBTL iso4,6
NEDD4,6
Ku70,6
PDK1,6
PRMT5,6
GRK2,6
PPP2R3A,6
PPP2R5C,6
IRS1,6
ATG4B,6
CK2A1,6
PPP2R2C,6
TEAD1,6
Ku80,6
SMURF1,6
PSD-95,6
p73,6
PTPN2,5
BRD8,5
SH3KBP1,5
MFN2,5
PIK3R4,5
ROCK1,5
GABARAP,5
SRC-2,5
SRC-3,5
ZAP70,5
VAV3,5
DNAPK,5
KHDRBS1,5
APS,5
SHIP-2,5
Snail1,5
CDH2,5
Abl,5
DDB1,5
DYNC1I1,5
ATG13,5
HIF1A,5
PAFAH1B1,5
STIL,5
MCL1,5
PPP2R3B,5
BAK1,5
PKCA,5
VANGL1,5
Cofilin-1,5
SH2-B-beta,5
HUWE1,5
ATG101,5
RAB5A,5
ELF4,5
ARP2,5
ARHGEF7,5
DOK1,5
GRIP1,5
dynactin 1,5
RAMP,5
SMN,5
PAXIP1,5
CASP3,5
Rhodopsin,5
rubicon,5
CDC37,5
GH receptor,5
MBD3,5
NCL,5
AP2M1,5
NIPP-1,5
LRP6,5
SUZ12,5
KEAP1,5
ANK3,5
SIAH1,5
CASP8,5
TGFBR1,5
MCM2,5
CUL9,5
PPP2R5A,5
BICD2,5
HDAC5,5
NPM-ALK,5
Mad1,5
SUMO3,5
TUBA4A,5
MSH6,5
HIPK2,5
ITGA5,5
TUBB2B,4
COP1,4
SHC2,4
TPX2,4
SHC3,4
ZW10,4
RIF1,4
CASP7,4
Plectin-1,4
RNF168,4
TFDP1,4
Fe65,4
Bcl-10,4
PPP1R13L,4
LSD1,4
STX17,4
ITGB1,4
CFIM25,4
CPSF6,4
CRYAB,4
IGF1,4
AP2A1,4
RHOG,4
PTHR,4
RhoGDI alpha,4
DCP1A,4
MYH10,4
FBXO4,4
PKCG,4
CDC25A,4
GTF2H1,4
KRas,4
Rab7,4
UBE2D2,4
UBE2M,4
HSF1,4
GRP78,4
VAPA,4
HOPX,4
leupaxin,4
RAP1GDS1,4
RICTOR,4
RAP80,4
RNF41,4
MCM5,4
CCNT1,4
ATP2A1,4
IGF1R,4
FNIP2,4
XRCC1,4
AIP1,4
PXN iso2,4
C/EBP-epsilon,4
NEK2,4
DVL2,4
Huntingtin,4
CCNB1,4
GULP1,4
PARK2,4
PPAR-gamma,4
SETD2,4
RBPJ,4
GIT1,4
RCOR1,4
RIPK1,4
CK1A,4
G-alpha i3,4
APC,4
MSH2,4
THOC4,4
Cortactin,4
LC8,4
RAN,4
TNC,4
C16orf82,4
Ig-alpha,4
GABARAPL2,4
ATF-4,4
DOK2,4
RFC1,4
DLG1,4
GluR2,4
FBXW2,4
NPRL2,4
ITCH,4
DEPDC5,4
NPRL3,4
APP,4
CBFB,4
TEC,4
CUL4A,4
PRB1,4
H4,4
CTK,4
CASP9,4
SNAP-25,4
RAD17,4
SEC62,4
STRAD,4
ITGAM,4
Mrf-2,4
G3BP-1,4
kindlin-2,4
G-beta 1,4
AP1M1,3
PKN1,3
LIFR,3
FOXO3A,3
OIP5,3
FBXL7,3
Cbl-c,3
SOCS1,3
PRC1,3
DAXX,3
POLR2F,3
PPM1D,3
MYO1C,3
NOXA1,3
CISH,3
SIAH2,3
UBXN6,3
Restin,3
NEDD4 iso4,3
EPS15,3
WWP2,3
ATG5,3
AKAP9,3
MTA1,3
cIAP1,3
TICAM1,3
PGK1,3
EED,3
NRF2,3
MALT1,3
PERK,3
PAX3,3
EGR2,3
SHB,3
TIF1G,3
TRIP12,3
ENaC-alpha,3
Hrs,3
Merlin,3
NUP153,3
BUB3,3
kindlin-3,3
FBXO3,3
RND1,3
S100A10,3
GTF2F1,3
TNNT1,3
HSPA9B,3
Tau,3
PPP2R2A,3
TRIM24,3
LIMK1,3
Bcl-3,3
STRAP,3
EPB41L1,3
FBXL17,3
MUS81,3
NOX1,3
eIF4G,3
MOAP1,3
RIPK3,3
ATP1A1,3
SH3BGRL3,3
ZO2,3
APAF,3
LEF-1,3
Desmoplakin,3
Hck,3
SF3A1,3
TAP,3
U2AF2,3
RAB11A,3
TRAIL-R1,3
SLC7A11,3
DNAJC7,3
DROSHA,3
Tau iso8,3
HDAC7,3
ARPC3,3
FABP4,3
ULK1,3
TRIM25,3
PKM iso2,3
LARP7,3
APTX,3
Pyk2,3
CDC25C,3
SPTAN1,3
EZH2,3
DBN1,3
CLASP1,3
MOB1B,3
BCLAF1,3
ADD3,3
FHOD1,3
ATP5A1,3
osterix,3
DBC1,3
CD3G,3
PTP-PEST,3
p90RSK,3
PABP 1,3
BID,3
RAB3IP,3
ATG7,3
Stargazin,3
Abi-1,3
MYO10,3
USP9X,3
desmin,3
HuR,3
FRS2,3
UPF3B,3
LAMP2,3
LEPR,3
SMG7,3
HCCA2,3
Fos,3
Alix,3
RASSF6,3
U2AF1,3
VHL,3
HSP27,3
LRP5,3
hnRNP D0,3
G-gamma 2,3
EBNA1BP2,3
IRAK1,3
SCN2A,3
KLHL2,3
SAS6,3
USP5,3
UBE2D1,3
XPC,3
CAF-1A,3
RIGI,3
CXCR4,3
CUL1,3
MMP9,3
CCNA1,3
HMGB1,3
eIF2-alpha,3
KLHL20,3
TTK,3
RARB,3
CASP2,3
ALDH1B1,3
ID2,3
Tip60,3
HEXIM1,3
HSP20,3
SETDB1,3
SUV39H1,3
VTA1,3
WAVE2,3
RHOC,3
LRCH1,3
SELPLG,3
DLC1,3
PPP5C,3
CCTA,3
GEMIN3,3
BUB1B,3
RHOT2,3
TXN,3
eIF2-beta,3
TSC2,3
CDKN3,3
WDHD1,3
BIM,3
TAB2,3
TAK1,3
ALDH1A1,3
RNF8,3
KIF5B,3
ICAM1,3
ER-beta,3
ORAI1,3
IkB-alpha,3
TLR4,3
NPL4,3
p21Cip1,3
EGLN1,3
PRKD1,3
TUBA1B,3
AMPKA2,3
GINS4,3
POLR1B,3
Survivin,2
DNMT3A,2
TIRAP,2
PKCI,2
CDH5,2
WIPF1,2
ITK,2
MYO18A,2
NRP1,2
SIP1,2
STEP,2
KIF1A,2
GEMIN8,2
PRDM16,2
BCDIN3,2
ARIH1,2
PR,2
TCEB1,2
RAB10,2
STAT6,2
DDB2,2
CCNA2,2
TIF1B,2
FAT10,2
GGA1,2
MYO5A,2
KIF2A,2
Chk1,2
IRE1,2
HSBP1,2
DACH1,2
G-alpha i1,2
EXOC8,2
P70S6KB,2
AKAP6,2
RhoGDI beta,2
SLC34A1,2
PARD6G,2
ARHGEF17,2
TIF1A,2
ATPIF1,2
TAF12,2
STXBP1,2
CRLS1,2
NMDAR1,2
CHMP7,2
GCN5,2
NuMA-1,2
DYN2,2
CDC27,2
KIFC1,2
CTNNG,2
GIPC1,2
SOCS2,2
Vinculin,2
eIF3-alpha,2
ELF3,2
HJURP,2
RAPGEF1,2
TFB1M,2
MCPH1,2
AML3,2
FBXO42,2
HERC5,2
LEMD2,2
PKR,2
MYO3A,2
UBE4B,2
CA2,2
HIF2A,2
MED1,2
MPC1,2
IP3R2,2
Cas-L,2
RBBP7,2
TBN,2
XIAP,2
FGF13,2
RASSF1,2
WDR23,2
RPL11,2
FBXL20,2
LAMP1,2
IRAK4,2
APCS,2
ACTG1,2
Arp3,2
CCNE1,2
HDAC6,2
GKAP1,2
PI4K2A,2
RAE1,2
KPNA3,2
NLRP3,2
CEACAM1,2
caveolin-1,2
hnRNP A1,2
coronin 2A,2
RFA2,2
PKN2,2
NCBP1,2
G-alpha i2,2
NEDD1,2
USP13,2
GAB2,2
PPP1R2,2
RPL22,2
ETEA,2
STX3,2
RAI17,2
Brk,2
Diaphanous-1,2
BMI1,2
EFTUD2,2
PRP4,2
KLF1,2
RAB8A,2
E7,2
BUB1,2
Elf-2,2
NDR2,2
ANXA2,2
CAMK2A,2
FAM105B,2
CCZ1,2
FOG1,2
LC3C,2
POLRMT,2
HERC2,2
PAG,2
AKAP7,2
EEF1E1,2
SLC25A5,2
EHMT2,2
EIF4B,2
CD3Z,2
GTF2F2,2
CBY1,2
MC1R,2
NKCC2,2
ENaC-beta,2
NHE3,2
SFI1,2
RECK,2
DAZ1,2
DDEFL1,2
PPAR-alpha,2
BET1,2
APPL,2
PIK3R3,2
STMN1,2
CCDC32,2
SHPS1,2
HIF1AN,2
ASH2L,2
Mnk1,2
CDC23,2
APC1,2
PLM,2
PELI1,2
TNNI1,2
SMAD2,2
RPL13A,2
eIF3-eta,2
CTIF,2
PPP2R5D,2
AMPKA1,2
CDC6,2
UCHL3,2
CDC5L,2
CLIM1,2
TNRC6A,2
SEPT7,2
Elf-1,2
MMP14,2
RAC3,2
E2F2,2
ITGB5,2
Jun,2
MAPKAPK5,2
KPNB2,2
SEC31A,2
NKX3-1,2
CD44,2
HAUS8,2
KIF22,2
VPRBP,2
TFEB,2
SPT6,2
RAD52,2
Myb,2
ERH,2
SYN1,2
BRSK1,2
TIAF1,2
SAP30,2
EPRS,2
VACAMKL,2
RBBP4,2
DUSP23,2
Tau iso3,2
SLK,2
TERT,2
EID1,2
RIP,2
TAZ,2
EIF4A1,2
STX4,2
emerin,2
USP24,2
FLNB,2
DAPK2,2
Ron,2
CCND3,2
CtIP,2
CUL3,2
SRF,2
TOP3A,2
RAB27A,2
NRas,2
TOM20,2
CHD-4,2
AXL,2
EEF1G,2
ERK5,2
FBPase,2
KI-67,2
STX1A,2
FAS,2
ECSIT,2
IPO7,2
eEF1B,2
YB-1,2
Fes,2
TWISTNB,2
POLR3A,2
POLM,2
PAK4,2
RGS2,2
FOXO1A,2
YpkA,2
MAGE-A6,2
FBXO9,2
TWIST1,2
SCAP,2
IkB-beta,2
RASD2,2
USP15,2
JNK2,2
IPO13,2
Sin1,2
ERCC2,2
PRRC2C iso2,2
REG3G,2
NUP214,2
TRIM3,2
DDX31,2
K18,2
PAR3,2
DNCLI1,2
CLN3,2
DOR-1,2
MIS12,2
CENPC1,2
hnRNP U,2
LIG3,2
CCNH,2
CSRP1,2
DVL1,2
GR,2
NANOG,2
53BP2,2
UBE2A,2
STLK3,2
GM130,2
GRASP65,2
CDT1,2
DNAJB12,2
RKHD4,2
BRD8 iso2,2
SART3,2
fascin,2
ARNT,2
HPK1,2
DAAM1,2
ANK1,2
GEFT,2
PRKD2,2
PRKD3,2
E4,2
GTF2B,2
RECQL4,2
TSN,2
HYPK,2
VEGFR2,2
MEIS1,2
GPR89A,2
SCN8A,2
syntenin,2
Cbl-b,2
KLC1,2
GRB10,2
KIF20A,2
HOXA10,2
OTUB1,2
CENTG1,2
N4BP1,2
CYC1,2
DICER1,2
UBE2G2,2
MKL1,2
FANCM,2
KRas iso2,2
PACT,2
SDHB,2
IP3R1,2
CACYBP,2
Abi-2,2
PXR,2
MRLC3,2
WDR34,2
TRBP,2
WDR60,2
HSP40,2
GADD45A,2
TR-beta1,1
STAG1,1
UBE1,1
utrophin,1
ACAT1,1
SMC2L1,1
RNF14,1
FPR2,1
STAG2,1
SMO,1
UFD1L,1
SIRT3,1
Src iso1,1
GAPVD1,1
NAT14,1
NOT1,1
CAB39,1
ARHGAP2,1
CCR4,1
ABHD5,1
RTKN,1
RANBP1,1
UBE2D3,1
CCNF,1
XRCC3,1
APC4,1
Bcl-9L,1
S100A11,1
CNAP1,1
TRPV5,1
ARID1A,1
IDH1,1
SOX9,1
TORC2,1
RGS13,1
Nur77,1
EPOR,1
PITX1,1
STAT4,1
MST3,1
VDR,1
SNX18,1
IFNAR2,1
DUX4,1
syndecan-1,1
PHACTR1,1
XRCC4,1
USP33,1
AP1B1,1
SET iso2,1
ITM1,1
ANKRA2,1
TAT,1
CCM2,1
EDG-1,1
TrkA,1
ATP5C,1
AP1M2,1
RAD54L2,1
CAND1,1
ADRM1,1
ATP6V1B1,1
TUBB1,1
ATP6V1A,1
DHODH,1
LANA,1
Sec5,1
PKCT,1
MON1A,1
ATR,1
XPA,1
AKAP12,1
NEK8,1
H2AFY iso1,1
RREB1,1
UBR5,1
RPT2,1
CMTM4,1
CDC16,1
ARHGAP3,1
NFYA,1
STX8,1
SNIP1,1
GDI1,1
RILP,1
TAT-SF1,1
FANCI,1
SH3PXD2B,1
HMOX1,1
KLHL6,1
STS-1,1
STS2,1
WASP,1
MYO5B,1
PPP2CB,1
RNF6,1
MDA5,1
TRIM32,1
CRMP-2,1
IPO11,1
GRF-1,1
MYO1E,1
MPRIP,1
CREB3 iso3,1
MOBP,1
KCTD15,1
CARD9,1
NFH,1
RBM17,1
HOXC9,1
CBX1,1
CBX3,1
KPNA6,1
TOP2A,1
PHLPP,1
MAPKAPK2,1
MKK6,1
WDR67,1
MARCH1,1
Akt2,1
K14,1
FBXL8,1
LIMD1,1
SLC29A1,1
GBF1,1
eNOS,1
MARCH6,1
SENP1,1
CACNA1A,1
EEF1A2,1
E1B-AP5,1
WWOX,1
PDHK1,1
Moesin,1
K8,1
AKAP11,1
APLF,1
NOB1P,1
MYH1,1
ATG16L1,1
KLF4,1
CHD-3 iso3,1
MMS22L,1
H3 iso3,1
MGAT1,1
SGOL2,1
KCNJ8,1
DAG1,1
laforin,1
ZAP,1
NHLRC1,1
TCF20,1
UBE3A,1
PHB,1
AKAP13,1
K5,1
TLE3,1
TIM-1,1
PPP6C,1
NFL,1
ME1,1
NOLA1,1
PLD1,1
AMFR,1
E2A,1
DAT,1
GABPA,1
FMNL2,1
ZWILCH,1
ROD1,1
DFNA5,1
COX1,1
HIGD1A,1
COX2,1
PKCE,1
COX4I1,1
PKCZ,1
NAP1L1,1
EGF,1
SLC5A1,1
SNAP29,1
AIP,1
SEPT11,1
SEPT8,1
SEPT9,1
SEPT6,1
RALBP1,1
GOSR2,1
SCFD1,1
TCF12,1
USF1,1
CRIP1,1
CDK5R1,1
NXF1,1
G6PD,1
THBS1,1
MEKK3,1
CDC45L,1
LAMTOR1,1
PIK3R6,1
RCV1,1
NRF1,1
TRAF4,1
p40phox,1
p67phox,1
acinus,1
ZMYM5,1
GPIbA,1
FOXM1,1
RACK7,1
YY1,1
USP36,1
NFAT2,1
CALCOCO1,1
PIAS2,1
NISCH,1
RARG,1
ACP1,1
COL4A3BP,1
MARCH8,1
FOXK2,1
CENPT,1
NOD1,1
MIB1,1
VPS36,1
STAM2,1
STAM1,1
CUL4B,1
RNF34,1
PRRC2C,1
PRPS1,1
PRPS2,1
TAB1,1
BMAL1,1
CENPA,1
NPHS1,1
PNPLA2,1
PACS2,1
ABCG2,1
RAB3A,1
Ig-beta,1
SNCAIP,1
HSP90B,1
DRBP1,1
NKD2,1
VPS4A,1
OGA,1
Scribble,1
NOD2,1
CENPQ,1
GluR1,1
SLBP,1
FOXK1,1
FBXL6,1
TRIM56,1
OCRL,1
HSP60,1
FDXR,1
PYGM,1
CDK5,1
MCAM,1
TRF2,1
ID4,1
POLQ,1
GRP94,1
TIFA,1
CASP1,1
BARD1,1
KLHL3,1
METTL3,1
nNOS,1
STF-1,1
CTBP2,1
SF1,1
SYP,1
PPPM1A,1
ARL13B,1
Oct1,1
Notch 1,1
PAX2,1
TUBB3,1
FAM134B,1
COPB1,1
CHCHD1,1
EB3,1
TRAP,1
MRPL12,1
SEC61A1,1
SEC61B,1
TRIM21,1
ZBP1,1
CaR,1
BLNK,1
ARHGAP27,1
CBCP1,1
WIT1,1
FGFR2,1
FGFR3,1
NDEL1,1
DVL3,1
ACSL4,1
Spinophilin,1
MAT1A,1
Claudin-1,1
Claudin-2,1
epsin 1,1
IGF2BP3,1
IGF2BP2,1
VPS4B,1
VANGL2,1
TRF1,1
LCMT1,1
PPP2R2B,1
WNK4,1
KPNB3,1
AP1S1,1
PKG1,1
DAD1,1
TARP,1
PELP1,1
TINF2,1
RNF31,1
PIK3CB,1
MAP2,1
MBP,1
neurogranin,1
LPAR1,1
CAPRIN1,1
cGAS,1
DNAH1,1
EphA2,1
USP10,1
G3BP-2,1
FMR1,1
FKBP12,1
NRIF3,1
MED17,1
GFAT,1
Actinfilin,1
UBR1,1
FBXL10,1
VPS33B,1
TRPC6,1
MTA3,1
RAD23A,1
NF1,1
DGKA,1
SCAI,1
HSP75,1
eIF3-zeta,1
EIF3C,1
KIF23,1
CAMK1A,1
ITGA4,1
ALK2,1
NEDD4L,1
CDK8,1
HECTD2,1
SSRP1,1
SPT16,1
TRIM35,1
MRLC2V,1
PPP1R26,1
PSME1,1
DCP1B,1
DDX6,1
tensin 3,1
NEK6,1
SFRS2,1
ITGA2B,1
CELF1,1
VPS41,1
glutaminase,1
DSN1,1
BAP1,1
P38G,1
STI1,1
TEBP,1
CCDC37,1
RALGDS,1
GTF3C1,1
FALZ,1
RPSA,1
NDRG2,1
RANBP9,1
AurC,1
DDN,1
SAV1,1
FBLIM1,1
GCHFR,1
FAAP24,1
MUC1,1
LAMA1,1
TRIP11,1
GOLGA3,1
GOLM1,1
NR0B1,1
RIP140,1
ARF6,1
SP100,1
TAF1C,1
SHFM1,1
Securin,1
SKAP55,1
MYL5,1
liprin alpha 1,1
Hic-5,1
PJA2,1
AGTRAP,1
PHC1,1
CBX8,1
Zyxin,1
LPP,1
FOXA1,1
MED31,1
MOSPD2,1
MEMO1,1
CPNE3,1
RARA iso2,1
Bcr,1
gp130,1
PIAS3,1
DDX5,1
GCP5,1
UVRAG,1
MEF2D,1
TNF-R2,1
TNFRSF25,1
SNAP-alpha,1
SERPINE1,1
SREBP-1,1
TAF1B,1
RRAGC,1
eIF3S6IP,1
TAF4,1
NME1,1
TSC1,1
CHFR,1
TRIP10,1
FNBP1L,1
NFAT1,1
PIK4CB,1
PYCARD,1
ICAM2,1
MgcRacGAP,1
LIN9,1
DKFZp686L1814,1
GPSM2,1
CTNND1,1
POT1,1
CHMP1B,1
RTEL1,1
HYAL2,1
CCND2,1
NBR1,1
FYCO1,1
p47phox,1
SNX27,1
STAP1,1
PAX1,1
VPS39,1
ITGB2,1
TPT1,1
LTBP1,1
SLC26A3,1
ROMK,1
APBA2,1
CLOCK,1
CRY1,1
LDH-A,1
RPS2,1
KCNE1,1
AP3M1,1
AP3M2,1
GLT1,1
TMEM66,1
CDON,1
RRM2,1
DLK,1
GRK5,1
VAMP2,1
TSAd,1
G-beta 2,1
DDA1,1
RBM21,1
HAUS6,1
UBE2W,1
UBE2N,1
RASD1,1
TAFII31,1
CDK5RAP3,1
EPS8,1
CDCA2,1
CUL2,1
TEAD2,1
REL,1
ERas,1
FBXO22,1
ZNF207,1
CASC5,1
DMAP1,1
LNK,1
SPTLC3,1
OPA1,1
SERT,1
RSK2,1
SYVN1,1
LIMK2,1
CDK16,1
DOK6,1
MKK7,1
SPTBN4,1
DBC-1,1
PLK2,1
MCU,1
ITGB4,1
OSCP1,1
MAST2,1
KPNA7,1
AML2,1
PTPN14,1
TEAD3,1
COMMD1,1
SETD6,1
MYH14,1
CKS1,1
RCC1,1
TRIM27,1
MMS19,1
DAPK1,1
IRS4,1
GLUT4,1
PDE6D,1
MFF,1
PRMT8,1
LRRK2,1
AQP2,1
RPT6,1
FOXP3,1
FBXO15,1
IRF9,1
SNX17,1
UNC5B,1
PLEKHG6,1
TRADD,1
NALP4,1
TPI1,1
p14ARF,1
SH3BP2,1
EXOC6,1
OSR1,1
NQO1,1
RPS3,1
RANGAP1,1
TR-alpha,1
RARA,1
MCTS1,1
DNMT1,1
CAP1,1
SLX4,1
SDS3,1
TLK1,1
SMTNL2,1
SSH1,1
ARPC4,1
FKBPL,1
PSMD7,1
AMBRA1,1
WDR77,1
SMARCA4,1
CASP10,1
ARPC1B,1
MEKK1,1
RUBCNL,1
DYNLL2,1
CRADD,1
C1QBP,1
ACTN1 iso2,1
SWAP-70,1
PAH,1
STYK1,1
STIM1,1
DNA2,1
RAD50,1
PVR,1
C/EBP-beta,1
IGF2R,1
Trap150,1
H2AZ,1
ATF-2,1
NEIL1,1
BRD2,1
RNF12,1
TACC3,1
EFNB1,1
HNF4 alpha,1
NR5A2,1
BRME1,1
ATP5F1,1
AP-2 alpha,1
LAT,1
PCQAP,1
CYFIP1,1
Borealin,1
KLF5,1
tensin 2,1
UBE2S,1
PRDX1,1
CENPJ,1
TGFBR3,1
Claudin-7,1
WDR48,1
BIN3,1
DJ-1,1
CSTF2,1
SOCS6,1
hnRNP F,1
hnRNP K,1
USP22,1
MAP1LC3B2,1
DGKZ,1
SEMA4C,1
CREB,1
FBXO25,1
JAK3,1
MIA,1
P311,1
DYNLT1,1
SHC1 iso2,1
NR1I3,1
ephexin-1,1
EBP,1
G-alpha 13,1
CDK11B,1
p27Kip1,1
DERL1,1
FBXO44,1
GRIN1,1
FBPase 2,1
FBXO11,1
SLC27A1,1
MARS,1
KARS,1
hnRNP E2,1
NSAP1,1
PARP2,1
AP1G1,1
SNX1,1
SNX2,1
SEC16A,1
EHMT2 iso4,1
ARAF,1
SHRM,1
CAPZB iso1,1
EEF1A1,1
VARS,1
CARS,1
ACTN4,1
APPBP1,1
PRMT1,1
CRYA1,1
SLC5A5,1
USP51,1
MEK2,1
DRD2,1
AMOT,1
LIN28B,1
MED28,1
RNF167,1
WDR59,1
MIOS,1
WDR24,1
TRIM23,1
Snail2,1
BVR,1
POR,1
HBXIP,1
STAT5B,1
RBM38,1
LOXL3,1
SEC24B,1
JUB,1
SEC24A,1
SEC13,1
FBXW5,1
CACNA1C,1
RNF152,1
KIF2C,1
HECTD1,1
JunB,1
UBE2L3,1
SPC25,1
SPBC24,1
SAMHD1,1
TM4SF5,1
TRAF3,1
IKKE,1
ERM,1
PTPRT iso1,1
NLGN1,1
B-Myb,1
PC4,1
SYNPO,1
GJA1,1
MOBKL2A,1
TIAM1,1
syndecan-4,1
ETV4,1
CARM1,1
ERK1 iso3,1
JOSD1,1
NOXA,1
DEPTOR,1
CEP250,1
CROCC,1
PIK3CG,1
MYH2,1
SLC22A11,1
ITGAL,1
GATA1,1
Bcl-11A,1
PHF20L1,1
HRI,1
PRDX2,1
RAD21,1
LARP2,1
AKAP5,1
CDK5RAP2,1
PDE4DIP,1
LARP,1
ANXA1,1
HADHB,1
HADHA,1
RILPL2,1
TBC1D20,1
TNKS,1
CD2AP,1
FBXL2,1
MEN1,1
PPP1R13B,1
RAG1,1
RHEB,1
EST1A,1
NCM,1
VWF,1
NOTCH3,1
FZR1,1
mucolipin 1,1
ALG2,1
PRUNE,1
KCNN4,1
Rab4,1
BMF,1
ACE,1
MYH9,1
XRN2,1
RNF20,1
TXA2-R iso2,1
CD82,1
RFC2,1
HLAA,1
ADRA2B,1
EXOC4,1
PECAM-1,1
SCO2,1
GLS2,1
PKHF1,1
MDM4,1
TK,1
MMP2,1
RING1,1
UBA52,1
UPF2,1
PRPF4,1
snRNP B1,1
TRDN,1
ATRX,1
UHRF1,1
UBE3C,1
hnRNP A3,1
SENP3,1
REPS2,1
MGAT5,1
MCM6,1
CHD-3,1
POLH,1
CHD-1,1
CTCF,1
BORA,1
KIF20B,1
CPEB,1
PEX14,1
AP1AR,1
RP1,1
AMPD2,1
CLCC1,1
PLEKHO1,1
RALA,1
PTGIR,1
COPS5,1
PYGO1,1
PRPF6,1
snRNP C,1
snRNP A,1
SMG5,1
SF2,1
PDGFRA,1
5-HT,1
PSMD10,1
G6PI,1
LIN52,1
NPHS2,1
AP-2 beta,1
hnRNP A2/B1,1
AREL1 iso2,1
BCOR,1
NUP88,1
NUP155,1
NUP85,1
NUP35,1
PJA1,1
CD36,1
MPG,1
CCNO,1
DYN1,1
Lu,1
CD3E,1
ACTR3B,1
MYO1B,1
eIF3-theta,1
ATP6V0A2,1
SULT2B1,1
HLA-DQB1,1
CDC7,1
